<?xml version="1.0" encoding="UTF-8"?>
<project name="deploy-ant" default="-deploy-ant" basedir=".">
    <target name="-deploy-ant" if="deploy.ant.enabled">
        <property file="${deploy.ant.properties.file}" />
        <xmlproperty file="${deploy.ant.docbase.dir}/META-INF/context.xml" />
        <echo message="Deploying ${deploy.ant.archive} to ${Context(path)}"/>
        <taskdef name="deploy" classname="org.apache.catalina.ant.DeployTask"
                 classpath="${tomcat.home}/server/lib/catalina-ant.jar" />
        <deploy url="${tomcat.url}/manager" username="${tomcat.username}"
                password="${tomcat.password}" path="${Context(path)}"
                war="${deploy.ant.archive}" />
        <property name="deploy.ant.client.url" value="${tomcat.url}${Context(path)}"/>
    </target>
    <target name="-undeploy-ant" if="deploy.ant.enabled">
        <property file="${deploy.ant.properties.file}" />
        <xmlproperty file="${deploy.ant.docbase.dir}/META-INF/context.xml" />
        <echo message="Undeploying ${Context(path)}"/>
        <taskdef name="undeploy"  classname="org.apache.catalina.ant.UndeployTask"
                classpath="${tomcat.home}/server/lib/catalina-ant.jar" />
        <undeploy url="${tomcat.url}/manager" username="${tomcat.username}" 
                  password="${tomcat.password}" path="${Context(path)}"/>
    </target>
</project>
