-- MySQL dump 10.11
--
-- Host: localhost    Database: sibib
-- ------------------------------------------------------
-- Server version	5.0.51b-community-nt

/*!40101 SET @OLD_CHARACTER_SET_CLIENT=@@CHARACTER_SET_CLIENT */;
/*!40101 SET @OLD_CHARACTER_SET_RESULTS=@@CHARACTER_SET_RESULTS */;
/*!40101 SET @OLD_COLLATION_CONNECTION=@@COLLATION_CONNECTION */;
/*!40101 SET NAMES latin1 */;
/*!40103 SET @OLD_TIME_ZONE=@@TIME_ZONE */;
/*!40103 SET TIME_ZONE='+00:00' */;
/*!40014 SET @OLD_UNIQUE_CHECKS=@@UNIQUE_CHECKS, UNIQUE_CHECKS=0 */;
/*!40014 SET @OLD_FOREIGN_KEY_CHECKS=@@FOREIGN_KEY_CHECKS, FOREIGN_KEY_CHECKS=0 */;
/*!40101 SET @OLD_SQL_MODE=@@SQL_MODE, SQL_MODE='NO_AUTO_VALUE_ON_ZERO' */;
/*!40111 SET @OLD_SQL_NOTES=@@SQL_NOTES, SQL_NOTES=0 */;

--
-- Current Database: `sibib`
--

CREATE DATABASE /*!32312 IF NOT EXISTS*/ `sibib` /*!40100 DEFAULT CHARACTER SET latin1 */;

USE `sibib`;

--
-- Table structure for table `acervo`
--

DROP TABLE IF EXISTS `acervo`;
SET @saved_cs_client     = @@character_set_client;
SET character_set_client = utf8;
CREATE TABLE `acervo` (
  `id_acervo` int(11) NOT NULL auto_increment,
  `id_tipo_acervo` int(11) NOT NULL,
  `id_autor` int(11) NOT NULL,
  `id_editora` int(11) NOT NULL default '0',
  `numero` int(11) NOT NULL,
  `volume` int(11) NOT NULL,
  `titulo` varchar(150) NOT NULL,
  `qtd_volumes` int(11) NOT NULL,
  `status` varchar(50) NOT NULL,
  `data_cadastro` timestamp NOT NULL default CURRENT_TIMESTAMP on update CURRENT_TIMESTAMP,
  `data_baixa` timestamp NULL default NULL,
  `situacao` tinyint(1) NOT NULL default '1',
  PRIMARY KEY  (`id_acervo`),
  KEY `id_editora` (`id_editora`),
  KEY `id_autor` (`id_autor`),
  KEY `id_tipo_acervo` (`id_tipo_acervo`),
  CONSTRAINT `acervo_ibfk_1` FOREIGN KEY (`id_editora`) REFERENCES `editora` (`id_editora`),
  CONSTRAINT `acervo_ibfk_2` FOREIGN KEY (`id_autor`) REFERENCES `autor` (`id_autor`),
  CONSTRAINT `acervo_ibfk_3` FOREIGN KEY (`id_tipo_acervo`) REFERENCES `tipo_acervo` (`id_tipo_acervo`)
) ENGINE=InnoDB AUTO_INCREMENT=1378 DEFAULT CHARSET=latin1;
SET character_set_client = @saved_cs_client;

--
-- Dumping data for table `acervo`
--

LOCK TABLES `acervo` WRITE;
/*!40000 ALTER TABLE `acervo` DISABLE KEYS */;
INSERT INTO `acervo` VALUES (1,1,1,1,1,1,'RESSUREIÇÃO E VIDA',3,'DISPONÍVEL','2009-05-15 15:06:08',NULL,1),(2,1,2,2,2,1,'ESTELA',1,'DISPONÍVEL','2009-05-15 15:06:08',NULL,1),(3,1,3,3,3,1,'NAS FRONTEIRA DA LOUCURA',2,'DISPONÍVEL','2009-05-15 15:06:08',NULL,1),(4,1,4,1,4,1,'AVE CRISTO',2,'DISPONÍVEL','2009-05-15 15:06:08',NULL,1),(5,1,1,1,5,1,'MEMÓRIAS DE UM SUÍCIDA',2,'DISPONÍVEL','2009-05-15 15:06:08',NULL,1),(6,1,5,4,6,1,'LÁZARO',1,'DISPONÍVEL','2009-05-15 15:06:08',NULL,1),(7,1,6,1,7,1,'HERCULANUM',1,'DISPONÍVEL','2009-05-15 15:06:08',NULL,1),(8,1,7,5,8,1,'FILHO ADOTIVO',2,'DISPONÍVEL','2009-05-15 15:06:08',NULL,1),(9,1,8,6,9,1,'CRISTO ESPERA POR TI',2,'DISPONÍVEL','2009-05-15 15:06:09',NULL,1),(10,1,3,2,10,1,'PÁRIAS EM REDENÇÃO',1,'DISPONÍVEL','2009-05-15 15:06:09',NULL,1),(11,1,9,1,11,1,'O BEIJO DA MORTA',1,'DISPONÍVEL','2009-05-15 15:06:09',NULL,1),(12,1,10,7,12,1,'SEARA BENDITA',3,'DISPONÍVEL','2009-05-15 15:06:09',NULL,1),(13,1,3,3,13,1,'GRILHÕES PARTIDOS',3,'DISPONÍVEL','2009-05-15 15:06:09',NULL,1),(14,1,11,1,14,1,'APENAS UMA SOMBRA DE MULHER',3,'DISPONÍVEL','2009-05-15 15:06:09',NULL,1),(15,1,1,1,15,1,'O CAVALEIRO DE NUMIERS',2,'DISPONÍVEL','2009-05-15 15:06:09',NULL,1),(16,1,12,8,16,1,'JORNADAS DA REDENÇÃO',1,'DISPONÍVEL','2009-05-15 15:06:09',NULL,1),(17,1,4,1,17,1,'LÁZARO REDIVIVO',3,'DISPONÍVEL','2009-05-15 15:06:09',NULL,1),(18,2,3,3,18,1,'QUANDO VOLTAR A PRIMAVERA',1,'DISPONÍVEL','2009-05-15 15:06:09',NULL,1),(19,1,3,2,19,1,'NOS BATIDORES DA OBSESSÃO',5,'DISPONÍVEL','2009-05-15 15:06:09',NULL,1),(20,1,7,5,20,1,'VIVENDO NO MUNDO DOS ESPÍRITOS',5,'DISPONÍVEL','2009-05-15 15:06:09',NULL,1),(21,1,3,3,21,1,'PAINÉIS DA OBSESSÃO',3,'DISPONÍVEL','2009-05-15 15:06:09',NULL,1),(22,1,13,9,22,1,'AMARGO DESPERTAR',3,'DISPONÍVEL','2009-05-15 15:06:09',NULL,1),(23,1,14,10,23,1,'O SEXO ALÉM DA MORTE',2,'DISPONÍVEL','2009-05-15 15:06:09',NULL,1),(24,1,15,11,24,1,'LAÇOS ETERNOS',7,'DISPONÍVEL','2009-05-15 15:06:09',NULL,1),(25,1,16,1,25,1,'MEMÓRIAS DE UMA ALMA',1,'DISPONÍVEL','2009-05-15 15:06:09',NULL,1),(26,1,9,1,26,1,'O ESPÍRITO DAS TREVAS',1,'DISPONÍVEL','2009-05-15 15:06:09',NULL,1),(27,1,17,12,27,1,'DO OUTRO LADO',3,'DISPONÍVEL','2009-05-15 15:06:10',NULL,1),(28,1,18,13,28,1,'VOLTOU MAS ESQUECEU',3,'DISPONÍVEL','2009-05-15 15:06:10',NULL,1),(29,1,19,14,29,1,'ANJO FATAL',1,'DISPONÍVEL','2009-05-15 15:06:10',NULL,1),(30,1,6,1,30,1,'SINAL DA VITÓRIA',1,'DISPONÍVEL','2009-05-15 15:06:10',NULL,1),(31,1,1,1,31,1,'NAS VORAGENS DO PECADO',2,'DISPONÍVEL','2009-05-15 15:06:10',NULL,1),(32,1,20,2,32,1,'MEMÓRIAS DA LOUCURA',2,'DISPONÍVEL','2009-05-15 15:06:10',NULL,1),(33,1,21,15,33,1,'DEMIAM',1,'DISPONÍVEL','2009-05-15 15:06:10',NULL,1),(34,1,10,16,34,1,'ALMAS CRUCIFICADAS',1,'DISPONÍVEL','2009-05-15 15:06:10',NULL,1),(35,3,2,2,35,1,'URÂNIA',3,'DISPONÍVEL','2009-05-15 15:06:10',NULL,1),(36,3,22,2,36,1,'O DIVULGADOR ESPÍRITA - VOL 2 E 3',1,'DISPONÍVEL','2009-05-15 15:06:10',NULL,1),(37,3,23,16,37,1,'O ESPIRITISMO',1,'DISPONÍVEL','2009-05-15 15:06:10',NULL,1),(38,3,24,2,38,1,'FENÔMENOS PSÍQUICOS',1,'DISPONÍVEL','2009-05-15 15:06:10',NULL,1),(39,35,25,17,39,1,'O EVAGELHO SEGUNDO O ESPIRITISMO',7,'DISPONÍVEL','2009-06-01 21:00:17',NULL,1),(40,35,25,17,40,1,'A GÊNESE',3,'DISPONÍVEL','2009-06-01 21:00:17',NULL,1),(41,35,25,17,41,1,'LIVRO DOS MÉDIUNS',5,'DISPONÍVEL','2009-06-01 21:00:17',NULL,1),(42,35,25,17,42,1,'LIVRO DOS ESPIRÍTOS',5,'DISPONÍVEL','2009-06-01 21:00:17',NULL,1),(43,35,25,17,43,1,'OBRAS PÓSTUMA',3,'DISPONÍVEL','2009-06-01 21:00:17',NULL,1),(44,35,25,18,44,1,'O QUE É O ESPIRITISMO',3,'DISPONÍVEL','2009-06-01 21:00:17',NULL,1),(45,35,25,18,45,1,'DOUTRINA ESPIRÍTA',2,'DISPONÍVEL','2009-06-01 21:00:17',NULL,1),(46,35,25,19,46,1,'O PRINCIPIANTE ESPÍRITA',1,'DISPONÍVEL','2009-06-01 21:00:17',NULL,1),(47,5,3,3,47,1,'FILIGRAMAS DE LUZ',3,'DISPONÍVEL','2009-05-15 15:06:11',NULL,1),(48,5,3,3,48,1,'POEMA DE LUZ',1,'DISPONÍVEL','2009-05-15 15:06:11',NULL,1),(49,5,26,20,49,1,'CANÇÃO DO AMANHECER',1,'DISPONÍVEL','2009-05-15 15:06:11',NULL,1),(50,5,26,21,50,1,'CANÇÃO DA ESPERANÇA',1,'DISPONÍVEL','2009-05-15 15:06:11',NULL,1),(51,5,27,22,51,1,'INFINITO PRESENTE',1,'DISPONÍVEL','2009-05-15 15:06:11',NULL,1),(52,5,28,23,52,1,'LUZ NA MADRUGADA',3,'DISPONÍVEL','2009-05-15 15:06:11',NULL,1),(53,6,4,24,53,1,'ENCONTRO DE PAZ',2,'DISPONÍVEL','2009-05-15 15:06:11',NULL,1),(54,5,4,24,54,1,'A VIDA CONTA',2,'DISPONÍVEL','2009-06-01 21:06:47',NULL,1),(55,5,4,1,55,1,'PÉROLAS DO ALÉM',2,'DISPONÍVEL','2009-06-01 21:06:47',NULL,1),(56,5,8,25,56,1,'SONETOS DE VIDA E LUZ',1,'DISPONÍVEL','2009-06-01 21:06:47',NULL,1),(57,5,4,25,57,1,'ROSAS COM AMOR',1,'DISPONÍVEL','2009-06-01 21:06:47',NULL,1),(58,5,4,1,58,1,'PARNASO DE ALÉM TÚMULO',2,'DISPONÍVEL','2009-06-01 21:06:47',NULL,1),(59,5,4,9,59,1,'COISAS DESTE MUNDO',2,'DISPONÍVEL','2009-06-01 21:06:47',NULL,1),(60,8,29,26,60,1,'INFÂNCIA CRISTÃ',1,'DISPONÍVEL','2009-05-15 15:06:12',NULL,1),(61,8,30,27,61,1,'DONA QUITÉRIA',1,'DISPONÍVEL','2009-05-15 15:06:12',NULL,1),(62,8,31,28,62,1,'UMA IDÉIA TODA AZUL',1,'DISPONÍVEL','2009-05-15 15:06:12',NULL,1),(63,8,32,29,63,1,'AS CINCO MOEDAS',1,'DISPONÍVEL','2009-05-15 15:06:12',NULL,1),(64,8,33,30,64,1,'A VIDA NO CAMPO ',1,'DISPONÍVEL','2009-05-15 15:06:12',NULL,1),(65,8,34,31,65,1,'O MENINO DO DEDO VERDE',1,'DISPONÍVEL','2009-05-15 15:06:12',NULL,1),(66,9,4,1,66,1,'NOVAS MENSAGENS',1,'DISPONÍVEL','2009-05-15 15:06:12',NULL,1),(67,10,4,1,67,1,'E A VIDA CONTINUA',3,'DISPONÍVEL','2009-05-15 15:06:12',NULL,1),(68,10,35,2,68,1,'O MARTÍRIO DOS SUÍCIDAS',1,'DISPONÍVEL','2009-05-15 15:06:12',NULL,1),(69,10,3,3,69,1,'ALÉM DA MORTE',2,'DISPONÍVEL','2009-05-15 15:06:13',NULL,1),(70,10,24,2,70,1,'A CRISE DA MORTE',1,'DISPONÍVEL','2009-05-15 15:06:13',NULL,1),(71,10,4,1,71,1,'VOLTEI',3,'DISPONÍVEL','2009-05-15 15:06:13',NULL,1),(72,10,36,5,72,1,'COMO VIVEM OS ESPÍRITOS',2,'DISPONÍVEL','2009-05-15 15:06:13',NULL,1),(73,10,4,1,73,1,'LIBERTAÇÃO',3,'DISPONÍVEL','2009-05-15 15:06:13',NULL,1),(74,34,37,32,74,1,'VIDA E OBRA DE DIVALDO P. FRANCO',3,'DISPONÍVEL','2009-06-01 20:56:11',NULL,1),(75,34,38,33,75,1,'DIVALDO PEREIRA FRANCO EM UBERABA',3,'DISPONÍVEL','2009-06-01 21:09:30',NULL,1),(76,34,39,34,76,1,'DIVALDO MÉDIUM OU GÊNIO',2,'DISPONÍVEL','2009-06-01 20:56:11',NULL,1),(77,34,40,35,77,1,'LINDOS CASOS DE CHICO XAVIER',1,'DISPONÍVEL','2009-06-01 21:09:30',NULL,1),(78,34,41,36,78,1,'VIDA DE JESUS GONÇALVES',1,'DISPONÍVEL','2009-06-01 20:56:11',NULL,1),(79,34,40,35,79,1,'LINDOS CASOS DE BEZERA DE MENEZES',2,'DISPONÍVEL','2009-06-01 21:09:30',NULL,1),(80,34,14,35,80,1,'CHICO XAVIER ',2,'DISPONÍVEL','2009-06-01 20:56:11',NULL,1),(81,34,4,35,81,1,'CHICO XAVIER/ DOS HIPPIES AOS PAIS DO MUNDO',1,'DISPONÍVEL','2009-06-01 20:56:11',NULL,1),(82,34,32,29,82,1,'CHICO XAVIER - 40 ANOS NO MUNDO DA MEDIUNIDADE',1,'DISPONÍVEL','2009-06-01 20:56:11',NULL,1),(83,34,4,25,83,1,'ENTREVISTAS',2,'DISPONÍVEL','2009-06-01 20:56:11',NULL,1),(84,34,42,37,84,1,'NO MUNDO DE CHICO XAVIER',4,'DISPONÍVEL','2009-06-01 21:09:30',NULL,1),(85,15,43,38,85,1,'MORTE E VIDA',1,'DISPONÍVEL','2009-05-15 15:06:14',NULL,1),(86,15,44,39,86,1,'REFLEXOS DA VIDA MAIOR',1,'DISPONÍVEL','2009-05-15 15:06:14',NULL,1),(87,15,45,9,87,1,'MEU FILHO VIVE NO ALÉM',1,'DISPONÍVEL','2009-05-15 15:06:14',NULL,1),(88,15,4,25,88,1,'QUEM SÃO?',1,'DISPONÍVEL','2009-05-15 15:06:14',NULL,1),(89,15,4,25,89,1,'NOTÍCIAS DO ALÉM',1,'DISPONÍVEL','2009-05-15 15:06:14',NULL,1),(90,15,28,23,90,1,'MOTOQUEIROS NO ALÉM',3,'DISPONÍVEL','2009-05-15 15:06:14',NULL,1),(91,15,4,25,91,1,'PRESENÇA DE LAURINDO',1,'DISPONÍVEL','2009-05-15 15:06:14',NULL,1),(92,15,4,25,92,1,'COMANDO DO AMOR',2,'DISPONÍVEL','2009-05-15 15:06:14',NULL,1),(93,15,4,25,93,1,'RETORNARAM CONTANDO',1,'DISPONÍVEL','2009-05-15 15:06:14',NULL,1),(94,15,4,25,94,1,'REENCONTROS',2,'DISPONÍVEL','2009-05-15 15:06:14',NULL,1),(95,15,4,25,95,1,'VENCERAM',1,'DISPONÍVEL','2009-05-15 15:06:14',NULL,1),(96,15,43,38,96,1,'PERDAS DE ENTES QUERIDOS',2,'DISPONÍVEL','2009-05-15 15:06:14',NULL,1),(97,6,4,25,97,1,'PORTO DE ALEGRIA',1,'DISPONÍVEL','2009-05-15 15:06:14',NULL,1),(98,15,4,40,98,1,'JOVENS NO ALÉM',1,'DISPONÍVEL','2009-05-15 15:06:14',NULL,1),(99,15,4,25,99,1,'ELES VOLTARAM',1,'DISPONÍVEL','2009-05-15 15:06:14',NULL,1),(100,15,4,25,100,1,'CLARAMENTE VIVOS',1,'DISPONÍVEL','2009-05-15 15:06:14',NULL,1),(101,15,4,25,101,1,'VITÓRIA',2,'DISPONÍVEL','2009-05-15 15:06:14',NULL,1),(102,15,4,41,102,1,'AMOR E LUZ',2,'DISPONÍVEL','2009-05-15 15:06:14',NULL,1),(103,15,4,25,103,1,'ANTENAS DE LUZ',2,'DISPONÍVEL','2009-05-15 15:06:14',NULL,1),(104,16,4,25,104,1,'BRILHE A VOSSA LUZ',3,'DISPONÍVEL','2009-05-15 15:06:15',NULL,1),(105,5,46,12,105,1,'ESCOLA DA VIDA',1,'DISPONÍVEL','2009-05-15 15:06:15',NULL,1),(106,16,4,41,106,1,'AULAS DE VIDA ',1,'DISPONÍVEL','2009-05-15 15:06:15',NULL,1),(107,16,4,25,107,1,'PONTE DE PAZ',1,'DISPONÍVEL','2009-05-15 15:06:15',NULL,1),(108,16,4,25,108,1,'CORAGEM',1,'DISPONÍVEL','2009-05-15 15:06:15',NULL,1),(109,16,47,42,109,1,'SEMPRE DÓCIL',1,'DISPONÍVEL','2009-05-15 15:06:15',NULL,1),(110,16,48,43,110,1,'NOTICIAS DO CRISTO',1,'DISPONÍVEL','2009-05-15 15:06:15',NULL,1),(111,16,8,1,111,1,'CONDUTA ESPIRITA',3,'DISPONÍVEL','2009-05-15 15:06:15',NULL,1),(112,6,4,1,112,1,'AGENDA CRISTÃ',2,'DISPONÍVEL','2009-05-15 15:06:15',NULL,1),(113,16,4,25,113,1,'VIAJOR',1,'DISPONÍVEL','2009-05-15 15:06:15',NULL,1),(114,16,3,3,114,1,'VIVER E AMAR',1,'DISPONÍVEL','2009-05-15 15:06:15',NULL,1),(115,9,4,1,115,1,'LUZ ACIMA',1,'DISPONÍVEL','2009-05-15 15:06:15',NULL,1),(116,9,49,44,116,1,'CONTOS QUE A VIDA CONTA',1,'DISPONÍVEL','2009-05-15 15:06:15',NULL,1),(117,9,50,45,117,1,'A SOMBRA DO OLMEIRO (UM JARDINEIRO)',1,'DISPONÍVEL','2009-05-15 15:06:15',NULL,1),(118,9,4,1,118,1,'CRÔNICAS DO ALÉM TÚMULO',2,'DISPONÍVEL','2009-05-15 15:06:15',NULL,1),(119,17,51,2,119,1,'ROMA E O EVANGELHO',1,'DISPONÍVEL','2009-05-15 15:06:15',NULL,1),(120,17,52,9,120,1,'SOCIALISMO E ESPIRITISMO',1,'DISPONÍVEL','2009-05-15 15:06:16',NULL,1),(121,17,53,2,121,1,'GRANDES E PEQUENOS PROBLEMAS',2,'DISPONÍVEL','2009-05-15 15:06:16',NULL,1),(122,18,52,2,122,1,'O PROBLEMA DO SER DO DESTINO E DA DOR',3,'DISPONÍVEL','2009-05-15 15:06:16',NULL,1),(123,17,32,4,123,1,'CELEIROS DE LUZ',1,'DISPONÍVEL','2009-06-01 21:11:29',NULL,1),(124,17,47,42,124,1,'ALGEMADOS',1,'DISPONÍVEL','2009-05-15 15:06:16',NULL,1),(125,17,54,46,125,1,'MEDIUNISMO',2,'DISPONÍVEL','2009-06-01 21:11:29',NULL,1),(126,17,4,1,126,1,'BRASIL/ CORAÇÃO DO MUNDO PÁTRIA DO EVANGELHO',3,'DISPONÍVEL','2009-06-01 21:11:29',NULL,1),(127,17,55,47,127,1,'COMO CONHECER DEUS',1,'DISPONÍVEL','2009-06-01 21:11:29',NULL,1),(128,6,3,3,128,1,'MESSE DE AMOR',2,'DISPONÍVEL','2009-05-15 15:06:16',NULL,1),(129,6,3,33,129,1,'MOMENTOS DE DECISÃO',3,'DISPONÍVEL','2009-05-15 15:06:16',NULL,1),(130,6,56,48,130,1,'PONTO DE ENCONTRO',1,'DISPONÍVEL','2009-05-15 15:06:16',NULL,1),(131,6,57,9,131,1,'PENA DE MORTE E CRIMES HEDIONDOS',2,'DISPONÍVEL','2009-05-15 15:06:16',NULL,1),(132,6,58,1,132,1,'PARA VIVER A GRANDE MENSAGEM',2,'DISPONÍVEL','2009-05-15 15:06:16',NULL,1),(133,6,59,49,133,1,'MENSAGEIRO DO BEM',1,'DISPONÍVEL','2009-05-15 15:06:16',NULL,1),(134,6,3,50,134,1,'ENFOQUES ESPÍRITAS',1,'DISPONÍVEL','2009-05-15 15:06:16',NULL,1),(135,6,3,33,135,1,'TERAPÊUTICA DE EMERGENCIA',2,'DISPONÍVEL','2009-05-15 15:06:16',NULL,1),(136,3,3,33,136,1,'SEARA DO BEM',1,'DISPONÍVEL','2009-05-15 15:06:17',NULL,1),(137,6,60,51,137,1,'O ESPIRITISMO E AS DOUTRINAS ESPIRITUALISTAS',1,'DISPONÍVEL','2009-05-15 15:06:17',NULL,1),(138,6,4,1,138,1,'CURA',1,'DISPONÍVEL','2009-05-15 15:06:17',NULL,1),(139,6,3,31,139,1,'FLORAÇÕES EVANGÉLICAS',1,'DISPONÍVEL','2009-05-15 15:06:17',NULL,1),(140,6,61,25,140,1,'REENCARNAÇÃO E VIDA ',1,'DISPONÍVEL','2009-05-15 15:06:17',NULL,1),(141,6,3,33,141,1,'DEPOIS DA VIDA',1,'DISPONÍVEL','2009-05-15 15:06:17',NULL,1),(142,6,58,52,142,1,'QUEM TEM MEDO DA MORTE',4,'DISPONÍVEL','2009-05-15 15:06:17',NULL,1),(143,16,8,53,143,1,'TÉCNICA DE VIVER',2,'DISPONÍVEL','2009-05-15 15:06:17',NULL,1),(144,6,8,54,144,1,'SEAREIRO DE VOLTA',2,'DISPONÍVEL','2009-05-15 15:06:17',NULL,1),(145,6,62,2,145,1,'A VIDA EM FAMÍLIA',2,'DISPONÍVEL','2009-05-15 15:06:17',NULL,1),(146,6,3,33,146,1,'A LUZ DO ESPIRITISMO',1,'DISPONÍVEL','2009-05-15 15:06:17',NULL,1),(147,6,63,55,147,1,'CRUZ DE REDENÇÃO',1,'DISPONÍVEL','2009-05-15 15:06:17',NULL,1),(148,6,58,52,148,1,'A CONSTITUIÇÃO DIVINA',2,'DISPONÍVEL','2009-05-15 15:06:17',NULL,1),(149,6,4,1,149,1,'LUZ NO LAR',2,'DISPONÍVEL','2009-05-15 15:06:17',NULL,1),(150,10,4,1,150,1,'OS MENSAGEIROS',2,'DISPONÍVEL','2009-05-15 15:06:17',NULL,1),(151,6,4,35,151,1,'CARTAS DE UMA MORTA',1,'DISPONÍVEL','2009-05-15 15:06:17',NULL,1),(152,6,4,40,152,1,'MAIS LUZ',3,'DISPONÍVEL','2009-05-15 15:06:17',NULL,1),(153,6,3,1,153,1,'TEMAS DA VIDA E DA MORTE',2,'DISPONÍVEL','2009-05-15 15:06:17',NULL,1),(154,6,4,1,154,1,'ENCONTRO MARCADO',2,'DISPONÍVEL','2009-05-15 15:06:17',NULL,1),(155,6,4,56,155,1,'INSTRUMENTO DO TEMPO',2,'DISPONÍVEL','2009-05-15 15:06:17',NULL,1),(156,6,64,31,156,1,'MENSAGEM DE ALÉM TUMULO',1,'DISPONÍVEL','2009-05-15 15:06:18',NULL,1),(157,6,4,9,157,1,'MÃE',1,'DISPONÍVEL','2009-05-15 15:06:18',NULL,1),(158,6,4,1,158,1,'ROTEIRO',3,'DISPONÍVEL','2009-05-15 15:06:18',NULL,1),(159,6,3,33,159,1,'SEMENTEIRA DA FRATERNIDADE',1,'DISPONÍVEL','2009-05-15 15:06:18',NULL,1),(160,6,3,33,160,1,'DEPOIMENTOS VIVOS',3,'DISPONÍVEL','2009-05-15 15:06:18',NULL,1),(161,6,28,23,161,1,'CENTELHAS DA VIDA',1,'DISPONÍVEL','2009-05-15 15:06:18',NULL,1),(162,6,3,33,162,1,'RUMOS LIBERTADORES',1,'DISPONÍVEL','2009-05-15 15:06:18',NULL,1),(163,6,3,33,163,1,'LEGADO KARDEQUIANO',2,'DISPONÍVEL','2009-05-15 15:06:18',NULL,1),(164,2,4,1,164,1,'BOA NOVA',1,'DISPONÍVEL','2009-05-15 15:06:18',NULL,1),(165,6,1,57,165,1,'CÂNTICOS DO CORAÇÃO (VI E VII',3,'DISPONÍVEL','2009-05-15 15:06:18',NULL,1),(166,6,3,25,166,1,'FLORILÉGIOS ESPIRITUAIS',3,'DISPONÍVEL','2009-05-15 15:06:18',NULL,1),(167,6,3,33,167,1,'ESPÍRITO E VIDA',3,'DISPONÍVEL','2009-05-15 15:06:18',NULL,1),(168,6,3,33,168,1,'SEMENTES DE VIDA ETERNA',1,'DISPONÍVEL','2009-05-15 15:06:18',NULL,1),(169,6,4,24,169,1,'CAMINHO ESPÍRITA',1,'DISPONÍVEL','2009-05-15 15:06:18',NULL,1),(170,6,4,58,170,1,'SEARA DA FÉ',1,'DISPONÍVEL','2009-05-15 15:06:18',NULL,1),(171,6,4,24,171,1,'PAZ E RENOVAÇÃO',2,'DISPONÍVEL','2009-05-15 15:06:18',NULL,1),(172,6,4,40,172,1,'SINAIS DE RUMO',1,'DISPONÍVEL','2009-05-15 15:06:18',NULL,1),(173,6,4,1,173,1,'ESTUDE A VIDA',1,'DISPONÍVEL','2009-05-15 15:06:18',NULL,1),(174,6,3,1,174,1,'LAMPADÁRIA ESPÍRITA',1,'DISPONÍVEL','2009-05-15 15:06:18',NULL,1),(175,6,65,9,175,1,'CARTAS A ESMO',1,'DISPONÍVEL','2009-05-15 15:06:18',NULL,1),(176,2,4,1,176,1,'PÃO NOSSO',2,'DISPONÍVEL','2009-05-15 15:06:18',NULL,1),(177,6,4,25,177,1,'DINHEIRO',1,'DISPONÍVEL','2009-05-15 15:06:18',NULL,1),(178,1,3,33,178,1,'DO ABISMO ÀS ESTRELAS',2,'DISPONÍVEL','2009-05-15 15:06:18',NULL,1),(179,18,54,46,179,1,'A FILOSOFIA DA ALMA',1,'DISPONÍVEL','2009-05-15 15:06:18',NULL,1),(180,18,3,59,180,1,'DIRETRIZES DE SEGURANÇA',4,'DISPONÍVEL','2009-05-15 15:06:19',NULL,1),(181,18,4,1,181,1,'MECANISMO DA MEDIUNIDADE',2,'DISPONÍVEL','2009-05-15 15:06:19',NULL,1),(182,18,66,1,182,1,'OBESESSÃO E DESOBESSÃO',2,'DISPONÍVEL','2009-05-15 15:06:19',NULL,1),(183,18,4,1,183,1,'DESOBSESSÃO',3,'DISPONÍVEL','2009-05-15 15:06:19',NULL,1),(184,18,59,31,184,1,'ESTUDANDO A MEDIUNIDADE',1,'DISPONÍVEL','2009-05-15 15:06:19',NULL,1),(185,18,67,2,185,1,'NO PAIS DAS SOMBRAS',1,'DISPONÍVEL','2009-05-15 15:06:19',NULL,1),(186,18,68,60,186,1,'MEDIUNIDADE E SEUS PROBLEMAS',1,'DISPONÍVEL','2009-05-15 15:06:19',NULL,1),(187,18,1,1,187,1,'DESVENTANDO O INVISÍVEL',2,'DISPONÍVEL','2009-05-15 15:06:19',NULL,1),(188,17,52,2,188,1,'NO INVISÍVEL',3,'DISPONÍVEL','2009-05-15 15:06:19',NULL,1),(189,18,69,33,189,1,'HISTORIA QUE OS ESPÍRITOS CONTARAM',2,'DISPONÍVEL','2009-05-15 15:06:19',NULL,1),(190,18,32,4,190,1,'TRATAMENTO DA OBSESSÃO',1,'DISPONÍVEL','2009-05-15 15:06:19',NULL,1),(191,2,70,2,191,1,'O MESTRE NA EDUCAÇÃO',1,'DISPONÍVEL','2009-05-15 15:06:19',NULL,1),(192,2,62,2,192,1,'O SERMÃO DE MONTANHA',1,'DISPONÍVEL','2009-05-15 15:06:19',NULL,1),(193,2,71,61,193,1,'CRISTO MINHA VIDA',1,'DISPONÍVEL','2009-05-15 15:06:19',NULL,1),(194,6,3,33,194,1,'PRIMÍCIAS DO RUMO',2,'DISPONÍVEL','2009-05-15 15:06:19',NULL,1),(195,2,4,1,195,1,'VINHA DE LUZ',3,'DISPONÍVEL','2009-05-15 15:06:19',NULL,1),(196,16,3,33,196,1,'GLOSSÁRIO, ESPÍRITA CRISTÃO',2,'DISPONÍVEL','2009-05-15 15:06:19',NULL,1),(197,6,3,62,197,1,'REPOSITÓRIO DE SABEDORIA',2,'DISPONÍVEL','2009-05-15 15:06:20',NULL,1),(198,8,61,25,198,1,'PALAVRAS DO ALVORECER',1,'DISPONÍVEL','2009-05-15 15:06:20',NULL,1),(199,5,50,63,199,1,'ROSA IMORTAL',2,'DISPONÍVEL','2009-05-15 15:06:20',NULL,1),(200,17,52,2,200,1,'O PORQUE DA VIDA',1,'DISPONÍVEL','2009-05-15 15:06:20',NULL,1),(201,17,52,2,201,1,'O ALÉM E A SOBREVIVÊNCIA DO SER',1,'DISPONÍVEL','2009-05-15 15:06:20',NULL,1),(202,10,4,1,202,1,'NOSSO LAR',2,'DISPONÍVEL','2009-05-15 15:06:20',NULL,1),(203,10,72,64,203,1,'UM JARDIM DE ESPERANÇA',2,'DISPONÍVEL','2009-05-15 15:06:20',NULL,1),(204,6,3,65,204,1,'LEIS MORAIS',2,'DISPONÍVEL','2009-05-15 15:06:20',NULL,1),(205,6,4,25,205,1,'MÃOS MARCADAS',2,'DISPONÍVEL','2009-05-15 15:06:20',NULL,1),(206,1,7,5,206,1,'ACONTECEU',3,'DISPONÍVEL','2009-05-15 15:06:20',NULL,1),(207,1,3,31,207,1,'ÁRDUA ASCESÃO',3,'DISPONÍVEL','2009-05-15 15:06:20',NULL,1),(208,1,73,66,208,1,'RAYMOND ',1,'DISPONÍVEL','2009-05-15 15:06:20',NULL,1),(209,1,4,1,209,1,'50 ANOS DEPOIS',4,'DISPONÍVEL','2009-05-15 15:06:20',NULL,1),(210,1,15,11,210,1,'SOMOS TODOS INOCENTES',3,'DISPONÍVEL','2009-05-15 15:06:20',NULL,1),(211,1,17,12,211,1,'BAIRRO DOS ESTRANHOS',5,'DISPONÍVEL','2009-05-15 15:06:20',NULL,1),(212,10,72,67,212,1,'NA ESPERANÇA DE UMA NOVA VIDA',2,'DISPONÍVEL','2009-05-15 15:06:20',NULL,1),(213,1,74,68,213,1,'MARIA MADALENA',1,'DISPONÍVEL','2009-05-15 15:06:20',NULL,1),(214,1,75,69,214,1,'ROSANA A TERCEIRA VÍTIMA FATAL',1,'DISPONÍVEL','2009-05-15 15:06:20',NULL,1),(215,1,76,70,215,1,'RENASCEU POR AMOR',1,'DISPONÍVEL','2009-05-15 15:06:21',NULL,1),(216,20,77,33,216,1,'CORPO DE LUZ',1,'DISPONÍVEL','2009-05-15 15:06:21',NULL,1),(217,20,78,71,217,1,'OCEANOS DO INFINITO',1,'DISPONÍVEL','2009-05-15 15:06:21',NULL,1),(218,20,79,72,218,1,'MEMORIA DE UM MÉDIUM',2,'DISPONÍVEL','2009-05-15 15:06:21',NULL,1),(219,23,80,73,219,1,'A MULHER NA DIMENSÃO',1,'DISPONÍVEL','2009-06-01 21:13:58',NULL,1),(220,20,81,70,220,1,'OS NÚMEROS E A VIDA ',1,'DISPONÍVEL','2009-05-15 15:06:21',NULL,1),(221,20,81,70,221,1,'BASES DO MUNDO ARDENTE',1,'DISPONÍVEL','2009-05-15 15:06:21',NULL,1),(222,20,81,70,222,1,'HORA DE CURAR',1,'DISPONÍVEL','2009-05-15 15:06:21',NULL,1),(223,20,81,70,223,1,'NOVOS ORÁCULOS',1,'DISPONÍVEL','2009-05-15 15:06:21',NULL,1),(224,20,81,70,224,1,'UM NOVO IMPULSO ASTROLÓGICO',1,'DISPONÍVEL','2009-05-15 15:06:21',NULL,1),(225,3,22,35,225,1,'ESPIRÍTISMO E CONHECIMENTO',1,'DISPONÍVEL','2009-05-15 15:06:21',NULL,1),(226,1,7,5,226,1,'REPARANDO ERROS',2,'DISPONÍVEL','2009-05-15 15:06:21',NULL,1),(227,34,82,74,227,1,'ARIGÓ E SUA MEDIUNIDADE',1,'DISPONÍVEL','2009-06-01 20:56:11',NULL,1),(228,6,47,75,228,1,'NÓS ABORTAMOS',4,'DISPONÍVEL','2009-05-15 15:06:22',NULL,1),(229,20,47,75,229,1,'LIBERTA-ME',1,'DISPONÍVEL','2009-05-15 15:06:22',NULL,1),(230,17,47,75,230,1,'AFOGADOS',2,'DISPONÍVEL','2009-05-15 15:06:22',NULL,1),(231,20,83,76,231,1,'A BÍBLIA DOS ESPIRITAS',1,'DISPONÍVEL','2009-05-15 15:06:22',NULL,1),(232,20,84,62,232,1,'DICIONÁRIO DA PARAPSICOLOGIA',1,'DISPONÍVEL','2009-05-15 15:06:22',NULL,1),(233,20,85,62,233,1,'POEMAS E CARTAS DE JOVEM POETA',2,'DISPONÍVEL','2009-05-15 15:06:22',NULL,1),(234,20,86,77,234,1,'O PODER INFINITO DE SUA MENTE',1,'DISPONÍVEL','2009-05-15 15:06:22',NULL,1),(235,23,87,78,235,1,'PARAPSICOLOGIA',1,'DISPONÍVEL','2009-05-15 15:06:22',NULL,1),(236,6,88,2,236,1,'CRÔNICAS DE UM E DE OUTRO',1,'DISPONÍVEL','2009-05-15 15:06:22',NULL,1),(237,1,15,11,237,1,'O AMOR VENCEU',1,'DISPONÍVEL','2009-05-15 15:06:22',NULL,1),(238,20,89,61,238,1,'O DIÁLOGO DA VIDA',1,'DISPONÍVEL','2009-05-15 15:06:22',NULL,1),(239,23,90,46,239,1,'A VOZ DO SILENCIO',2,'DISPONÍVEL','2009-05-15 15:06:22',NULL,1),(240,23,91,61,240,1,'CRISTÃOS HOJE',1,'DISPONÍVEL','2009-05-15 15:06:22',NULL,1),(241,20,92,10,241,1,'CREDO ESPÍRITA',1,'DISPONÍVEL','2009-05-15 15:06:22',NULL,1),(242,20,93,79,242,1,'FANTASMA EM ORÓS',1,'DISPONÍVEL','2009-05-15 15:06:23',NULL,1),(243,20,94,80,243,1,'NA SEMEADURA',1,'DISPONÍVEL','2009-05-15 15:06:23',NULL,1),(244,20,95,70,244,1,'CRIAR NOVO DESTINO',1,'DISPONÍVEL','2009-05-15 15:06:23',NULL,1),(245,20,95,70,245,1,'ALEGRIA E TRIUNFO',1,'DISPONÍVEL','2009-05-15 15:06:23',NULL,1),(246,23,96,81,246,1,'O HOMEM EM CONFRITO',1,'DISPONÍVEL','2009-05-15 15:06:23',NULL,1),(247,23,97,82,247,1,'CONSTRUIR O HOMEM E O MUNDO',2,'DISPONÍVEL','2009-05-15 15:06:23',NULL,1),(248,3,98,83,248,1,'A PSIQUIATRIA EM FASE DA REENCARNAÇÃO',1,'DISPONÍVEL','2009-05-15 15:06:23',NULL,1),(249,20,99,70,249,1,'A NATUREZA E O DESPERTAR DE SEU MUNDO INTERIOR',1,'DISPONÍVEL','2009-05-15 15:06:23',NULL,1),(250,20,100,84,250,1,'SEGREDOS DA VIDA MENTAL',1,'DISPONÍVEL','2009-05-15 15:06:23',NULL,1),(251,20,101,85,251,1,'SAULE A FEITICEIRA',1,'DISPONÍVEL','2009-05-15 15:06:23',NULL,1),(252,3,4,1,252,1,'EVOLUÇÃO EM DOIS MUNDOS',2,'DISPONÍVEL','2009-05-15 15:06:23',NULL,1),(253,23,102,70,253,1,'MÃOS DE LUZ',2,'DISPONÍVEL','2009-05-15 15:06:23',NULL,1),(254,6,103,86,254,1,'O CENTRO ESPÍRITA',1,'DISPONÍVEL','2009-05-15 15:06:24',NULL,1),(255,20,104,87,255,1,'O DESTINO DO HOMEM',1,'DISPONÍVEL','2009-05-15 15:06:24',NULL,1),(256,1,105,88,256,1,'A SENHORA STONER E O MAR',1,'DISPONÍVEL','2009-05-15 15:06:24',NULL,1),(257,20,106,89,257,1,'LIBERDADE SEM EXCESSO',1,'DISPONÍVEL','2009-05-15 15:06:24',NULL,1),(258,20,107,31,258,1,'1976/1982/1987/1992/1986/1979/1985/1988/1984/1981/1997/1983',0,'DISPONÍVEL','2009-05-15 15:06:24',NULL,1),(259,20,108,15,259,1,'ESPÍRITOS REBELDES',2,'DISPONÍVEL','2009-05-15 15:06:24',NULL,1),(260,23,54,46,260,1,'MISSÃO DO ESPIRITISMO',1,'DISPONÍVEL','2009-06-01 21:13:58',NULL,1),(261,20,90,46,261,1,'ISIS',1,'DISPONÍVEL','2009-05-15 15:06:24',NULL,1),(262,20,109,90,262,1,'O TERCEIRO MILENIO IRMÃO X',1,'DISPONÍVEL','2009-05-15 15:06:24',NULL,1),(263,20,51,91,263,1,'NICODEMUS',1,'DISPONÍVEL','2009-05-15 15:06:24',NULL,1),(264,20,110,92,264,1,'A VIDA FORA DA MATÉRIA',1,'DISPONÍVEL','2009-05-15 15:06:24',NULL,1),(265,17,52,2,265,1,'CRISTIANISMO E ESPIRITISMO',2,'DISPONÍVEL','2009-05-15 15:06:24',NULL,1),(266,23,111,70,266,1,'A SETE CHAVES DA CURA PELA COR',1,'DISPONÍVEL','2009-05-15 15:06:24',NULL,1),(267,1,46,12,267,1,'LIBERTAÇÃO',2,'DISPONÍVEL','2009-05-15 15:06:25',NULL,1),(268,2,4,1,268,1,'CAMINHO, VERDADE E VIDA',5,'DISPONÍVEL','2009-05-15 15:06:25',NULL,1),(269,6,65,9,269,1,'O ESPIRÍTO DO CRISTIANISMO',1,'DISPONÍVEL','2009-05-15 15:06:25',NULL,1),(270,3,32,4,270,1,'PASSE E PASSISTA',1,'DISPONÍVEL','2009-05-15 15:06:25',NULL,1),(271,25,112,1,271,1,'ESPERANTO SEM MESTRE',1,'DISPONÍVEL','2009-05-15 15:06:25',NULL,1),(272,2,4,1,272,1,'FONTE VIVA',3,'DISPONÍVEL','2009-05-15 15:06:25',NULL,1),(273,6,3,93,273,1,'AUTODESCOBRIMENTO',2,'DISPONÍVEL','2009-05-15 15:06:25',NULL,1),(274,16,4,94,274,1,'BUSCA E ACHARÁS',3,'DISPONÍVEL','2009-05-15 15:06:25',NULL,1),(275,1,113,4,275,1,'CONFIDENCIA DE UM INCONFIDENTE',1,'DISPONÍVEL','2009-05-15 15:06:25',NULL,1),(276,1,15,11,276,1,'QUANDO A VIDA ESCOLHE',3,'DISPONÍVEL','2009-05-15 15:06:25',NULL,1),(277,9,15,11,277,1,'VOLTAS QUE A VIDA DÁ',2,'DISPONÍVEL','2009-05-15 15:06:25',NULL,1),(278,10,7,5,278,1,'VÔO DA GAIVOTA',4,'DISPONÍVEL','2009-05-15 15:06:25',NULL,1),(279,23,7,5,279,1,'VALEU A PENA',1,'DISPONÍVEL','2009-06-01 21:13:58',NULL,1),(280,1,7,5,280,1,'PALCO DAS ENCARNAÇÕES',1,'DISPONÍVEL','2009-05-15 15:06:25',NULL,1),(281,10,4,25,281,1,'CIDADE NO ALÉM',4,'DISPONÍVEL','2009-05-15 15:06:25',NULL,1),(282,34,114,95,282,1,'DR. LEOCÁDIO - HISTORIA DE UMA VIDA',1,'DISPONÍVEL','2009-06-01 20:56:11',NULL,1),(283,1,115,5,283,1,'INFIDELIDADE E PERDÃO',1,'DISPONÍVEL','2009-05-15 15:06:25',NULL,1),(284,1,116,93,284,1,'CÉU AZUL',1,'DISPONÍVEL','2009-05-15 15:06:25',NULL,1),(285,3,117,9,285,1,'OS MORTOS VIVEM',1,'DISPONÍVEL','2009-05-15 15:06:26',NULL,1),(286,1,46,12,286,1,'SENZALA',4,'DISPONÍVEL','2009-05-15 15:06:26',NULL,1),(287,34,4,9,287,1,'MEIMEI-VIDA E MENSAGEM',1,'DISPONÍVEL','2009-06-01 20:56:11',NULL,1),(288,35,25,17,288,1,'O CÉU E O INFERNO',3,'DISPONÍVEL','2009-06-01 21:00:17',NULL,1),(289,6,118,31,289,1,'A FORÇA DA MENTE',2,'DISPONÍVEL','2009-05-15 15:06:26',NULL,1),(290,23,119,96,290,1,'SÓ O AMOR É REAL',2,'DISPONÍVEL','2009-05-15 15:06:26',NULL,1),(291,23,119,96,291,1,'MUITAS VIDAS, MUITOS MESTRES',1,'DISPONÍVEL','2009-05-15 15:06:26',NULL,1),(292,18,120,31,292,1,'MÉDIUNS, MEDIUNIDADE E FENÔMENOS MEDIUNICOS',1,'DISPONÍVEL','2009-05-15 15:06:26',NULL,1),(293,15,43,35,293,1,'CORREIO DE LUZ',2,'DISPONÍVEL','2009-05-15 15:06:26',NULL,1),(294,1,6,1,294,1,'NOEMA, A BRUXA',1,'DISPONÍVEL','2009-05-15 15:06:26',NULL,1),(295,35,121,97,295,1,'FUNDAMENTOS DO ESPIRITISMO',1,'DISPONÍVEL','2009-06-01 21:00:17',NULL,1),(296,1,16,35,296,1,'ZORAIDA - HISTÓRIA DE DUAS VIDAS',1,'DISPONÍVEL','2009-05-15 15:06:26',NULL,1),(297,10,7,5,297,1,'A CASA DO ESCRITOR',5,'DISPONÍVEL','2009-05-15 15:06:26',NULL,1),(298,1,15,11,298,1,'A VERDADE DE CADA UM',4,'DISPONÍVEL','2009-05-15 15:06:26',NULL,1),(299,1,5,4,299,1,'MADALENA',1,'DISPONÍVEL','2009-05-15 15:06:26',NULL,1),(300,20,108,15,300,1,'MENSAGENS ESPIRITUAIS',1,'DISPONÍVEL','2009-05-15 15:06:26',NULL,1),(301,18,122,70,301,1,'GUIA DA MEDIUNIDADE',1,'DISPONÍVEL','2009-05-15 15:06:26',NULL,1),(302,18,123,98,302,1,'MÉDIUM QUEM É QUEM NÃO É',2,'DISPONÍVEL','2009-05-15 15:06:26',NULL,1),(303,6,124,9,303,1,'ABORTO',1,'DISPONÍVEL','2009-05-15 15:06:26',NULL,1),(304,1,15,99,304,1,'O FIO DO DESTINO',1,'DISPONÍVEL','2009-05-15 15:06:27',NULL,1),(305,20,4,40,305,1,'VIDA E CAMINHO',1,'DISPONÍVEL','2009-05-15 15:06:27',NULL,1),(306,6,4,1,306,1,'VIDA E SEXO',3,'DISPONÍVEL','2009-05-15 15:06:27',NULL,1),(307,6,3,33,307,1,'DIMENSÕES DA VERDADE',1,'DISPONÍVEL','2009-05-15 15:06:27',NULL,1),(308,18,69,1,308,1,'DIÁLOGO COM AS SOMBRAS',1,'DISPONÍVEL','2009-05-15 15:06:27',NULL,1),(309,18,59,1,309,1,'MEDIUNIDADE E EVOLUÇÃO',3,'DISPONÍVEL','2009-05-15 15:06:27',NULL,1),(310,16,4,1,310,1,'ABRIGO',3,'DISPONÍVEL','2009-05-15 15:06:27',NULL,1),(311,8,4,25,311,1,'PAI NOSSO',2,'DISPONÍVEL','2009-05-15 15:06:27',NULL,1),(312,20,14,100,312,1,'A SEGUNDA MORTE',1,'DISPONÍVEL','2009-05-15 15:06:27',NULL,1),(313,34,125,80,313,1,'BEZERRA DE MENEZES',2,'DISPONÍVEL','2009-06-01 21:09:30',NULL,1),(314,1,126,31,314,1,'MEMÓRIAS DE ADRIANO',1,'DISPONÍVEL','2009-05-15 15:06:27',NULL,1),(315,1,127,9,315,1,'ESQUINA DA PEDRA',1,'DISPONÍVEL','2009-05-15 15:06:27',NULL,1),(316,1,128,9,316,1,'VOZES NA CASA',1,'DISPONÍVEL','2009-05-15 15:06:27',NULL,1),(317,1,61,31,317,1,'MEMÓRIAS DO PADRE GERMANO',3,'DISPONÍVEL','2009-05-15 15:06:27',NULL,1),(318,1,129,15,318,1,'A VIDA NO ALÉM TÚMULO',1,'DISPONÍVEL','2009-05-15 15:06:27',NULL,1),(319,1,126,31,319,1,'A OBRA DO NEGRO',1,'DISPONÍVEL','2009-05-15 15:06:27',NULL,1),(320,1,130,35,320,1,'AMANHÃ SERÁ OUTRO DIA',1,'DISPONÍVEL','2009-05-15 15:06:27',NULL,1),(321,1,3,16,321,1,'SUBLIME EXPIAÇÃO',2,'DISPONÍVEL','2009-05-15 15:06:27',NULL,1),(322,1,3,16,322,1,'LOUCURA E OBSESSÃO',2,'DISPONÍVEL','2009-05-15 15:06:27',NULL,1),(323,10,4,1,323,1,'ENTRE A TERRA E O CÉU',2,'DISPONÍVEL','2009-05-15 15:06:27',NULL,1),(324,10,4,1,324,1,'MISSIONÁRIOS DE LUZ',4,'DISPONÍVEL','2009-05-15 15:06:28',NULL,1),(325,10,4,1,325,1,'NO MUNDO MAIOR',1,'DISPONÍVEL','2009-05-15 15:06:28',NULL,1),(326,10,4,1,326,1,'AÇÃO E REAÇÃO',3,'DISPONÍVEL','2009-05-15 15:06:28',NULL,1),(327,1,131,62,327,1,'RISÍVEIS AMORES',1,'DISPONÍVEL','2009-05-15 15:06:28',NULL,1),(328,10,4,1,328,1,'OBREIROS DA VIDA ETERNA',1,'DISPONÍVEL','2009-05-15 15:06:28',NULL,1),(329,23,132,31,329,1,'A PRESENÇA DE DEUS',1,'DISPONÍVEL','2009-05-15 15:06:28',NULL,1),(330,3,46,12,330,1,'O PASSE MAGNÉTICO',1,'DISPONÍVEL','2009-05-15 15:06:28',NULL,1),(331,34,32,101,331,1,'FABIANO DE CRISTO',1,'DISPONÍVEL','2009-06-01 20:56:11',NULL,1),(332,34,133,102,332,1,'NAS PEGADAS DO NAZARENO',1,'DISPONÍVEL','2009-06-01 21:09:30',NULL,1),(333,34,134,33,333,1,'O PEREGRINO DO SENHOR',1,'DISPONÍVEL','2009-06-01 20:56:11',NULL,1),(334,18,66,33,334,1,'O SEMEADOR DE ESTRELAS',5,'DISPONÍVEL','2009-05-15 15:06:28',NULL,1),(335,17,4,1,335,1,'A CAMINHO DA LUZ',1,'DISPONÍVEL','2009-06-01 21:11:29',NULL,1),(336,17,135,1,336,1,'A MEDIUNIDADE E A LEI',1,'DISPONÍVEL','2009-06-01 21:11:29',NULL,1),(337,1,131,62,337,1,'A INSUSTENTÁVEL LEVESA DO SER',1,'DISPONÍVEL','2009-05-15 15:06:28',NULL,1),(338,15,4,25,338,1,'GABRIEL',1,'DISPONÍVEL','2009-05-15 15:06:28',NULL,1),(339,2,3,33,339,1,'PELOS CAMINHOS DE JESUS',1,'DISPONÍVEL','2009-05-15 15:06:28',NULL,1),(340,6,47,42,340,1,'REPARANDO FALTAS',2,'DISPONÍVEL','2009-05-15 15:06:28',NULL,1),(341,18,4,1,341,1,'NOS DOMINGOS DA MEDIUNIDADE',3,'DISPONÍVEL','2009-05-15 15:06:28',NULL,1),(342,6,3,33,342,1,'OFERENDA',1,'DISPONÍVEL','2009-05-15 15:06:28',NULL,1),(343,6,136,5,343,1,'AS MELHORES RESPOSTAS DO IMBASSAHI',1,'DISPONÍVEL','2009-05-15 15:06:29',NULL,1),(344,1,137,31,344,1,'A SANDALIA DO PESCADOR',1,'DISPONÍVEL','2009-05-15 15:06:29',NULL,1),(345,6,138,31,345,1,'A MULHER DA DIMENSÃO ESPIRITA',1,'DISPONÍVEL','2009-05-15 15:06:29',NULL,1),(346,9,4,1,346,1,'PONTOS E CONTOS',1,'DISPONÍVEL','2009-05-15 15:06:29',NULL,1),(347,9,139,1,347,1,'A MÃE QUE DESISTIU DO CÉU',2,'DISPONÍVEL','2009-05-15 15:06:29',NULL,1),(348,3,115,5,348,1,'ANIMAIS NOSSOS IRMÃOS',1,'DISPONÍVEL','2009-05-15 15:06:29',NULL,1),(349,10,116,9,349,1,'PERANTE DEUS',3,'DISPONÍVEL','2009-05-15 15:06:29',NULL,1),(350,1,58,103,350,1,'O VASO DE PORCELANA',2,'DISPONÍVEL','2009-05-15 15:06:29',NULL,1),(351,1,140,35,351,1,'LAÇOS DE AMOR E ÓDIO',1,'DISPONÍVEL','2009-05-15 15:06:29',NULL,1),(352,1,115,5,352,1,'SEMPRE HÁ UMA ESPERANÇA',1,'DISPONÍVEL','2009-05-15 15:06:29',NULL,1),(353,1,141,104,353,1,'A INCONSTANTE',1,'DISPONÍVEL','2009-05-15 15:06:29',NULL,1),(354,5,4,25,354,1,'CHÃO DE FLORES',1,'DISPONÍVEL','2009-06-01 21:06:47',NULL,1),(355,3,142,31,355,1,'EM BUSCA DA MATÉRIA',1,'DISPONÍVEL','2009-05-15 15:06:29',NULL,1),(356,1,11,1,356,1,'ALGUÉM CHORA POR MIM',2,'DISPONÍVEL','2009-05-15 15:06:29',NULL,1),(357,3,143,52,357,1,'O ESPIRITISMO E A POLITICA PARA NOSSA SOCIEDADE',1,'DISPONÍVEL','2009-05-15 15:06:30',NULL,1),(358,34,144,2,358,1,'RENOIR E VOCÊ',2,'DISPONÍVEL','2009-06-01 20:56:11',NULL,1),(359,8,32,1,359,1,'A RAÍNHA ANEL',1,'DISPONÍVEL','2009-05-15 15:06:30',NULL,1),(360,8,145,105,360,1,'A VOVÓ SABE TUDO',1,'DISPONÍVEL','2009-05-15 15:06:30',NULL,1),(361,23,146,31,361,1,'MEU ANJO',1,'DISPONÍVEL','2009-05-15 15:06:30',NULL,1),(362,1,15,11,362,1,'PELAS PORTAS DO CORAÇÃO',4,'DISPONÍVEL','2009-05-15 15:06:30',NULL,1),(363,1,15,11,363,1,'ESMERALDA',3,'DISPONÍVEL','2009-05-15 15:06:30',NULL,1),(364,1,147,31,364,1,'OS INOCENTES',1,'DISPONÍVEL','2009-05-15 15:06:30',NULL,1),(365,6,58,106,365,1,'TEMPO DE DESPERTAR',1,'DISPONÍVEL','2009-05-15 15:06:30',NULL,1),(366,8,123,107,366,1,'ALÔ CORAÇÃO',1,'DISPONÍVEL','2009-05-15 15:06:30',NULL,1),(367,6,56,108,367,1,'CAMINHO DE LUZ',1,'DISPONÍVEL','2009-05-15 15:06:30',NULL,1),(368,6,3,33,368,1,'HÁ FLORES NO CAMINHO',1,'DISPONÍVEL','2009-05-15 15:06:30',NULL,1),(369,6,3,33,369,1,'RESPONSABILIDADE',1,'DISPONÍVEL','2009-05-15 15:06:30',NULL,1),(370,6,47,42,370,1,'MÃOS DE ESPERANÇA',1,'DISPONÍVEL','2009-05-15 15:06:30',NULL,1),(371,35,148,35,371,1,'ORGANIZAÇÃO DE CENTROS ESPÍRITAS',1,'DISPONÍVEL','2009-06-01 21:00:17',NULL,1),(372,6,149,109,372,1,'VIDA A DOIS',1,'DISPONÍVEL','2009-05-15 15:06:30',NULL,1),(373,1,150,31,373,1,'REBECA',1,'DISPONÍVEL','2009-05-15 15:06:31',NULL,1),(374,20,151,31,374,1,'OS FRUTOS DA TERRA',1,'DISPONÍVEL','2009-05-15 15:06:31',NULL,1),(375,1,7,5,375,1,'RECONCILIAÇÃO',2,'DISPONÍVEL','2009-05-15 15:06:31',NULL,1),(376,5,4,1,376,1,'O ESPIRITO DE CORNÉLIO PIRES',1,'DISPONÍVEL','2009-06-01 21:06:47',NULL,1),(377,1,10,16,377,1,'DOR SUPREMA',1,'DISPONÍVEL','2009-05-15 15:06:31',NULL,1),(378,18,59,1,378,1,'ESTUDANDO O EVANGELHO',3,'DISPONÍVEL','2009-05-15 15:06:31',NULL,1),(379,6,3,62,379,1,'APÓS A TEMPESTADE ',1,'DISPONÍVEL','2009-05-15 15:06:31',NULL,1),(380,34,152,9,380,1,'UMA GRANDE VIDA',1,'DISPONÍVEL','2009-06-01 20:56:11',NULL,1),(381,1,135,9,381,1,'MEMÓRIAS PITORESCAS DO MEU PAI',1,'DISPONÍVEL','2009-05-15 15:06:31',NULL,1),(382,6,103,110,382,1,'VOCÊ E O PASSE',1,'DISPONÍVEL','2009-05-15 15:06:31',NULL,1),(383,9,139,111,383,1,'OS MORTOS ACORDAM VIVOS',2,'DISPONÍVEL','2009-05-15 15:06:31',NULL,1),(384,18,65,9,384,1,'MÉDIUNS E MEDIUNIDADE',1,'DISPONÍVEL','2009-05-15 15:06:31',NULL,1),(385,17,4,1,385,1,'O CONSOLADOR',1,'DISPONÍVEL','2009-06-01 21:11:29',NULL,1),(386,1,153,2,386,1,'DOUTOR ESPERANTO',1,'DISPONÍVEL','2009-05-15 15:06:31',NULL,1),(387,17,154,1,387,1,'O ESPIRÍTO CONSOLADOR',1,'DISPONÍVEL','2009-06-01 21:11:29',NULL,1),(388,8,155,112,388,1,'BENEDITO DO AMOR DIVINO',1,'DISPONÍVEL','2009-05-15 15:06:31',NULL,1),(389,34,156,113,389,1,'O EDUCADOR',1,'DISPONÍVEL','2009-06-01 20:56:11',NULL,1),(390,6,4,24,390,1,'OPINIÃO ESPÍRITA',2,'DISPONÍVEL','2009-05-15 15:06:31',NULL,1),(391,5,157,114,391,1,'A DIVINA EPOPÉIA',1,'DISPONÍVEL','2009-06-01 21:17:01',NULL,1),(392,1,10,16,392,1,'NA SOMBRA E NA LUZ',1,'DISPONÍVEL','2009-05-15 15:06:32',NULL,1),(393,3,24,2,393,1,'PENSAMENTO E VONTADE',1,'DISPONÍVEL','2009-05-15 15:06:32',NULL,1),(394,1,158,9,393,1,'A MANSÃO DO RESGATE',1,'DISPONÍVEL','2009-05-15 15:06:32',NULL,1),(395,6,4,1,394,1,'RUMO CERTO',1,'DISPONÍVEL','2009-05-15 15:06:32',NULL,1),(396,15,4,25,395,1,'NINGUÉM MORRE',1,'DISPONÍVEL','2009-05-15 15:06:32',NULL,1),(397,9,4,1,396,1,'CONTOS E APÓLOGOS',1,'DISPONÍVEL','2009-05-15 15:06:32',NULL,1),(398,1,159,115,397,1,'O RETORNO DE MARTINE',1,'DISPONÍVEL','2009-05-15 15:06:32',NULL,1),(399,16,4,1,398,1,'SINAL VERDE',1,'DISPONÍVEL','2009-05-15 15:06:32',NULL,1),(400,23,160,116,399,1,'MANSÕES DA ALMA',1,'DISPONÍVEL','2009-05-15 15:06:32',NULL,1),(401,18,38,31,400,1,'MEDIUNIDADE E OBSESSÃO',1,'DISPONÍVEL','2009-05-15 15:06:32',NULL,1),(402,6,4,70,401,1,'ALMA E CORAÇÃO',1,'DISPONÍVEL','2009-05-15 15:06:32',NULL,1),(403,1,4,1,402,1,'HÁ 2000 ANOS',6,'DISPONÍVEL','2009-05-15 15:06:32',NULL,1),(404,10,72,117,403,1,'NA HORA DO ADEUS',2,'DISPONÍVEL','2009-05-15 15:06:32',NULL,1),(405,20,161,118,404,1,'SOB A CRUZ DAS ESTRELAS',1,'DISPONÍVEL','2009-05-15 15:06:32',NULL,1),(406,6,162,59,405,1,'CANTICO DA JUVENTUDE',2,'DISPONÍVEL','2009-05-15 15:06:32',NULL,1),(407,34,163,119,406,1,'UM MINUTO COM CHICO XAVIER',2,'DISPONÍVEL','2009-06-01 20:56:11',NULL,1),(408,6,164,48,407,1,'O ALÉM E O ALGUÉM',1,'DISPONÍVEL','2009-05-15 15:06:33',NULL,1),(409,15,4,33,408,1,'E O AMOR CONTINUA',2,'DISPONÍVEL','2009-05-15 15:06:33',NULL,1),(410,3,135,9,409,1,'QUANDO OS FANTASMAS SE DIVERTEM',1,'DISPONÍVEL','2009-05-15 15:06:33',NULL,1),(411,6,59,1,410,1,'O PENSAMENTO',1,'DISPONÍVEL','2009-05-15 15:06:33',NULL,1),(412,1,17,12,411,1,'ALA DEZOITO',1,'DISPONÍVEL','2009-05-15 15:06:33',NULL,1),(413,9,4,1,412,1,'CARTAS E CRÔNICAS',1,'DISPONÍVEL','2009-05-15 15:06:33',NULL,1),(414,3,165,2,413,1,'EVOLUÇÃO ANIMICA',1,'DISPONÍVEL','2009-05-15 15:06:33',NULL,1),(415,23,166,120,414,1,'MECÂNICA PSIQUICA',1,'DISPONÍVEL','2009-05-15 15:06:33',NULL,1),(416,18,56,4,415,1,'A OBSESSÃO E SEU TRATAMENTO ESPÍRITA',1,'DISPONÍVEL','2009-05-15 15:06:33',NULL,1),(417,6,60,121,416,1,'PONDERAÇÕES DOUTRINÁRIAS',1,'DISPONÍVEL','2009-05-15 15:06:33',NULL,1),(418,3,22,122,417,1,'ESPIRITISMO E EVOLUÇÃO',1,'DISPONÍVEL','2009-05-15 15:06:33',NULL,1),(419,3,76,9,418,1,'REENCARNAÇÃO NO BRASIL',1,'DISPONÍVEL','2009-05-15 15:06:33',NULL,1),(420,15,43,123,419,1,'MORTE E LIBERTAÇÃO',1,'DISPONÍVEL','2009-05-15 15:06:33',NULL,1),(421,1,7,5,420,1,'ESCRAVO BERNARDINO',1,'DISPONÍVEL','2009-05-15 15:06:33',NULL,1),(422,1,7,5,421,1,'COPOS QUE ANDAM',2,'DISPONÍVEL','2009-05-15 15:06:33',NULL,1),(423,1,116,93,422,1,'PRECISO DE AJUDA',1,'DISPONÍVEL','2009-05-15 15:06:33',NULL,1),(424,1,7,5,423,1,'CATIVOS E LIBERTOS',2,'DISPONÍVEL','2009-05-15 15:06:33',NULL,1),(425,1,7,5,424,1,'VIOLETAS NA JANELA',7,'DISPONÍVEL','2009-05-15 15:06:33',NULL,1),(426,1,167,9,425,1,'QUANDO RENASCE O AMOR',1,'DISPONÍVEL','2009-05-15 15:06:34',NULL,1),(427,8,168,25,426,1,'COM A PALAVRA A CRIANÇA',1,'DISPONÍVEL','2009-05-15 15:06:34',NULL,1),(428,6,169,124,427,1,'REENCARNAÇÃO',1,'DISPONÍVEL','2009-05-15 15:06:34',NULL,1),(429,10,7,5,428,1,'PERANTE A ETERNIDADE',1,'DISPONÍVEL','2009-05-15 15:06:34',NULL,1),(430,6,69,125,429,1,'NOSSOS FILHOS SÃO ESPÍRITOS',2,'DISPONÍVEL','2009-05-15 15:06:34',NULL,1),(431,6,170,126,430,1,'FLUÍDOS E PASSES',1,'DISPONÍVEL','2009-05-15 15:06:34',NULL,1),(432,6,56,110,431,1,'PROBLEMAS ESPIRITUAIS',1,'DISPONÍVEL','2009-05-15 15:06:34',NULL,1),(433,10,72,31,432,1,'O VOÔ MAIS ALLTO',2,'DISPONÍVEL','2009-05-15 15:06:34',NULL,1),(434,6,58,103,433,1,'PAZ NA TERRA',1,'DISPONÍVEL','2009-05-15 15:06:34',NULL,1),(435,1,171,9,434,1,'A JANELA DO MEIO',1,'DISPONÍVEL','2009-05-15 15:06:34',NULL,1),(436,15,4,25,444,1,'IRMÃ VERA CRUZ',1,'DISPONÍVEL','2009-05-15 15:06:34',NULL,1),(437,1,7,5,445,1,'NÓS OS JOVENS',1,'DISPONÍVEL','2009-05-15 15:06:34',NULL,1),(438,6,58,1,446,1,'A VOZ DO MONTE',2,'DISPONÍVEL','2009-05-15 15:06:34',NULL,1),(439,18,172,127,447,1,'A . B. C. DA MEDIUNIDADE',1,'DISPONÍVEL','2009-05-15 15:06:34',NULL,1),(440,18,173,1,448,1,'PASSES E CURAS ESPIRITUAIS',2,'DISPONÍVEL','2009-05-15 15:06:34',NULL,1),(441,6,174,2,449,1,'O LIVRO DE TOBIAS',1,'DISPONÍVEL','2009-05-15 15:06:34',NULL,1),(442,34,175,1,450,1,'O DIPLOMATA DA UNIFICAÇÃO E O PALADINO EST. LEIGO ',1,'DISPONÍVEL','2009-06-01 20:56:11',NULL,1),(443,18,176,2,451,1,'A . B. C. DO ESPIRITISMO',1,'DISPONÍVEL','2009-05-15 15:06:35',NULL,1),(444,23,177,128,452,1,'DOS FARAÓS À FÍSICA QUÂNTICA',2,'DISPONÍVEL','2009-05-15 15:06:35',NULL,1),(445,20,178,129,453,1,'INIMIGOS DA HUMANIDADE',1,'DISPONÍVEL','2009-05-15 15:06:35',NULL,1),(446,1,3,33,454,1,'CALVÁRIO DA LIBERTAÇÃO',1,'DISPONÍVEL','2009-05-15 15:06:35',NULL,1),(447,32,179,130,455,1,'COMO VIVER 365 DIAS POR ANO',1,'DISPONÍVEL','2009-05-15 15:06:35',NULL,1),(448,18,180,131,456,1,'RETORNANDO A CIENCIA DA REENCARNAÇÃO',1,'DISPONÍVEL','2009-05-15 15:06:35',NULL,1),(449,34,4,25,457,1,'ENCONTROS NO TEMPO',1,'DISPONÍVEL','2009-06-01 20:56:11',NULL,1),(450,16,4,132,458,1,'DEUS AGUARDA',1,'DISPONÍVEL','2009-05-15 15:06:35',NULL,1),(451,9,4,1,459,1,'CONTOS DESTA E DE OUTRAS VIDAS',1,'DISPONÍVEL','2009-05-15 15:06:35',NULL,1),(452,1,11,1,461,1,'UMA LUZ NO MEU CAMINHO',2,'DISPONÍVEL','2009-05-15 15:06:35',NULL,1),(453,23,181,133,462,1,'O LIVRO DO JUÍZO FINAL',1,'DISPONÍVEL','2009-05-15 15:06:35',NULL,1),(454,1,3,16,463,1,'TRAMAS DO DESTINO',1,'DISPONÍVEL','2009-05-15 15:06:35',NULL,1),(455,1,6,1,464,1,'O CHANCELER DE FERRO',3,'DISPONÍVEL','2009-05-15 15:06:35',NULL,1),(456,1,52,2,465,1,'JOANA D`ARC',1,'DISPONÍVEL','2009-05-15 15:06:35',NULL,1),(457,1,17,12,466,1,'O SENHOR DAS TERRAS',2,'DISPONÍVEL','2009-05-15 15:06:35',NULL,1),(458,1,16,1,467,1,'LÍDIA',2,'DISPONÍVEL','2009-05-15 15:06:36',NULL,1),(459,1,6,1,468,1,'A VINGANÇA DO JUDEU',2,'DISPONÍVEL','2009-05-15 15:06:36',NULL,1),(460,1,6,1,469,1,'ROMENCE DE UMA RAÍNHA (VOL 01 E 02)',1,'DISPONÍVEL','2009-05-15 15:06:36',NULL,1),(461,23,182,15,470,1,'ILUSÕES',2,'DISPONÍVEL','2009-05-15 15:06:36',NULL,1),(462,10,72,134,471,1,'OS MIOSÓTES VOLTAM A FLORIR',2,'DISPONÍVEL','2009-05-15 15:06:36',NULL,1),(463,1,4,1,472,1,'PAULO E ESTEVÃO',3,'DISPONÍVEL','2009-05-15 15:06:36',NULL,1),(464,6,183,70,473,1,'O EVAGELHO DAS RECORDAÇÕES',1,'DISPONÍVEL','2009-05-15 15:06:36',NULL,1),(465,1,17,12,474,1,'O CAMAFEU',3,'DISPONÍVEL','2009-05-15 15:06:36',NULL,1),(466,2,184,135,475,1,'RENOVANDO ATITUDES',3,'DISPONÍVEL','2009-05-15 15:06:36',NULL,1),(467,8,4,31,476,1,'A VIDA FALA',1,'DISPONÍVEL','2009-05-15 15:06:36',NULL,1),(468,2,184,135,477,1,'AS DORES DA LAMA',3,'DISPONÍVEL','2009-05-15 15:06:36',NULL,1),(469,18,185,1,478,1,'O CRISTO DE DEUS',1,'DISPONÍVEL','2009-05-15 15:06:36',NULL,1),(470,1,186,1,479,1,'A FORÇA DO DESTINO',2,'DISPONÍVEL','2009-05-15 15:06:36',NULL,1),(471,1,94,80,480,1,'A DUPLA PERSONALIDADE',1,'DISPONÍVEL','2009-05-15 15:06:36',NULL,1),(472,1,187,136,481,1,'TRAGETÓRIA DE UMA ALMA',2,'DISPONÍVEL','2009-05-15 15:06:36',NULL,1),(473,10,188,122,482,1,'INTERCAMBIO',3,'DISPONÍVEL','2009-06-01 21:32:36',NULL,1),(474,34,3,33,483,1,'A VENENRADA JOANA D` ANGELIS',1,'DISPONÍVEL','2009-05-15 15:06:36',NULL,1),(475,34,3,33,484,1,'ELUCIDAÇÕES ESPIRITAS',1,'DISPONÍVEL','2009-06-01 20:56:11',NULL,1),(476,23,189,137,485,1,'VIVER HOLÍSTICO',1,'DISPONÍVEL','2009-05-15 15:06:37',NULL,1),(477,6,162,138,486,1,'VOZES DO INFINITO',1,'DISPONÍVEL','2009-05-15 15:06:37',NULL,1),(478,6,190,139,487,1,'CHÃO DE ROSAS',1,'DISPONÍVEL','2009-05-15 15:06:37',NULL,1),(479,10,116,9,488,1,'MAMÃE ESTOU AQUI',1,'DISPONÍVEL','2009-05-15 15:06:37',NULL,1),(480,15,4,140,489,1,'LUZ BENDITA',1,'DISPONÍVEL','2009-05-15 15:06:37',NULL,1),(481,23,191,141,490,1,'A DÉCIMA PROFECIA',1,'DISPONÍVEL','2009-05-15 15:06:37',NULL,1),(482,17,139,35,491,1,'O PROFESSOR DE ZURIQUE',2,'DISPONÍVEL','2009-06-01 21:11:29',NULL,1),(483,5,4,58,492,1,'MARIA DOLORES',1,'DISPONÍVEL','2009-05-15 15:06:37',NULL,1),(484,34,4,142,493,1,'ENTENDER CONVERSANDO',1,'DISPONÍVEL','2009-06-01 20:56:11',NULL,1),(485,9,58,142,494,1,'ENDEREÇO CERTO',1,'DISPONÍVEL','2009-05-15 15:06:37',NULL,1),(486,1,15,16,495,1,'ENTRE O AMOR E A GUERRA',3,'DISPONÍVEL','2009-05-15 15:06:37',NULL,1),(487,18,192,48,496,1,'NA ROTA DO ANO 2000',1,'DISPONÍVEL','2009-05-15 15:06:37',NULL,1),(488,18,56,4,497,1,'A DELICADA QUESTÃO DA VIDA',2,'DISPONÍVEL','2009-05-15 15:06:37',NULL,1),(489,6,47,42,498,1,'PIEDADE',1,'DISPONÍVEL','2009-05-15 15:06:37',NULL,1),(490,9,8,1,499,1,'BEM AVENTURADOS OS SIMPLES',1,'DISPONÍVEL','2009-05-15 15:06:37',NULL,1),(491,5,4,143,500,1,'LINHA 200',1,'DISPONÍVEL','2009-05-15 15:06:37',NULL,1),(492,6,4,24,501,1,'LIVRO DA ESPERANÇA',2,'DISPONÍVEL','2009-05-15 15:06:37',NULL,1),(493,2,4,24,502,1,'PALAVRAS DA VIDA ETERNA',2,'DISPONÍVEL','2009-05-15 15:06:38',NULL,1),(494,10,4,1,503,1,'SEXO E DESTINO',1,'DISPONÍVEL','2009-05-15 15:06:38',NULL,1),(495,10,4,35,504,1,'PALAVRAS DO INFINITO',2,'DISPONÍVEL','2009-05-15 15:06:38',NULL,1),(496,15,4,25,505,1,'LEADADE',2,'DISPONÍVEL','2009-05-15 15:06:38',NULL,1),(497,6,4,9,506,1,'ESCRINIO DE LUZ',1,'DISPONÍVEL','2009-05-15 15:06:38',NULL,1),(498,2,4,40,507,1,'BENÇÃO DA PAZ',1,'DISPONÍVEL','2009-05-15 15:06:38',NULL,1),(499,15,4,25,508,1,'ENXUGANDO LÁGRIMAS',2,'DISPONÍVEL','2009-05-15 15:06:38',NULL,1),(500,1,6,25,509,1,'NARRATIVAS OCULTAS',1,'DISPONÍVEL','2009-05-15 15:06:38',NULL,1),(501,1,6,144,510,1,'CORNÉLIUS ',1,'DISPONÍVEL','2009-05-15 15:06:38',NULL,1),(502,17,3,145,511,1,'SENDAS LUMINOSAS',1,'DISPONÍVEL','2009-06-01 21:11:29',NULL,1),(503,18,3,146,512,1,'MEDIUNS E MEDIUNIDADE',1,'DISPONÍVEL','2009-05-15 15:06:38',NULL,1),(504,1,10,35,513,1,'O SOLAR DE APOLO',1,'DISPONÍVEL','2009-05-15 15:06:38',NULL,1),(505,1,10,16,514,1,'REDENÇÃO',1,'DISPONÍVEL','2009-05-15 15:06:38',NULL,1),(506,1,193,147,515,1,'CHÃO DE ESTRELAS',3,'DISPONÍVEL','2009-05-15 15:06:38',NULL,1),(507,2,116,9,516,1,'A ETERNA MENSAGEM DO MONTE',3,'DISPONÍVEL','2009-05-15 15:06:38',NULL,1),(508,10,72,134,517,1,'DOIS MUNDOS TÃO MEUS',2,'DISPONÍVEL','2009-05-15 15:06:38',NULL,1),(509,34,194,148,518,1,'EURÍPEDES - O HOMEM E A MISSÃO',1,'DISPONÍVEL','2009-06-01 20:56:11',NULL,1),(510,23,119,96,519,1,'A CURA ATRAVÉS DA TERAPIA DE VIDAS PASSADAS',2,'DISPONÍVEL','2009-05-15 15:06:38',NULL,1),(511,23,195,31,520,1,'UMA NOITE NO DESERTO',1,'DISPONÍVEL','2009-05-15 15:06:38',NULL,1),(512,1,196,5,521,1,'OS SEGREDOS DO CASARÃO',1,'DISPONÍVEL','2009-05-15 15:06:38',NULL,1),(513,1,197,9,522,1,'O SEQUESTRO',2,'DISPONÍVEL','2009-05-15 15:06:39',NULL,1),(514,1,198,57,523,1,'VENCENDO AS BARREIRAS DO INFINITO',1,'DISPONÍVEL','2009-05-15 15:06:39',NULL,1),(515,23,199,149,524,1,'SOMOS TODOS PROFETAS',1,'DISPONÍVEL','2009-05-15 15:06:39',NULL,1),(516,6,200,150,525,1,'ESPIRITISMO E AS IGREJAS REFORMADAS',2,'DISPONÍVEL','2009-05-15 15:06:39',NULL,1),(517,6,28,33,526,1,'OLÁ AMIGOS',1,'DISPONÍVEL','2009-05-15 15:06:39',NULL,1),(518,34,103,110,527,1,'CHICO, VOCÊ É KARDEC?',1,'DISPONÍVEL','2009-06-01 20:56:11',NULL,1),(519,2,201,15,528,1,'O SERMÃO DA MONTANHA',1,'DISPONÍVEL','2009-05-15 15:06:39',NULL,1),(520,18,32,101,529,1,'DESENVOLVIMENTO MEDIÚNICO',1,'DISPONÍVEL','2009-05-15 15:06:39',NULL,1),(521,6,202,151,530,1,'ESCALADA DE LUZ',2,'DISPONÍVEL','2009-05-15 15:06:39',NULL,1),(522,6,162,59,531,1,'VEREDA FAMILIAR',2,'DISPONÍVEL','2009-05-15 15:06:39',NULL,1),(523,6,56,152,532,1,'RECORDANDO DEOLIM DO AMORIM',1,'DISPONÍVEL','2009-05-15 15:06:39',NULL,1),(524,6,28,23,533,1,'CONSTRUÇÕES DO ESPIRITO',1,'DISPONÍVEL','2009-05-15 15:06:39',NULL,1),(525,17,47,153,534,1,'QUEM SÃO MEUS PAIS, QUEM SÃO MEUS IRMÃOS',1,'DISPONÍVEL','2009-05-15 15:06:39',NULL,1),(526,1,203,31,535,1,'QUEBRANDO CORRENTE',1,'DISPONÍVEL','2009-05-15 15:06:40',NULL,1),(527,1,204,35,536,1,'LUTA REDENTORA',1,'DISPONÍVEL','2009-05-15 15:06:40',NULL,1),(528,17,205,9,537,1,'VISÃO ESPIRITA DA EDUCAÇÃO',1,'DISPONÍVEL','2009-06-01 21:11:29',NULL,1),(529,6,159,154,538,1,'MAS, VOCÊ NÃO MORREU?',1,'DISPONÍVEL','2009-05-15 15:06:40',NULL,1),(530,18,66,155,539,1,'MEDIUNIDADE',1,'DISPONÍVEL','2009-05-15 15:06:40',NULL,1),(531,18,1,1,540,1,'RECORDAÇÕES DA MEDIUNIDADE',1,'DISPONÍVEL','2009-05-15 15:06:40',NULL,1),(532,1,1,1,541,1,'NAS TELA DO INFINITO',1,'DISPONÍVEL','2009-05-15 15:06:40',NULL,1),(533,3,2,2,542,1,'O FIM DO MUNDO',1,'DISPONÍVEL','2009-05-15 15:06:40',NULL,1),(534,17,206,156,543,1,'O FIM DO MUNDO',1,'DISPONÍVEL','2009-06-01 21:11:29',NULL,1),(535,35,207,157,544,1,'CURSO P. DIRIGENTE E MONITORES',1,'DISPONÍVEL','2009-05-15 15:06:40',NULL,1),(536,1,11,1,545,1,'MARTA',1,'DISPONÍVEL','2009-05-15 15:06:40',NULL,1),(537,1,208,147,546,1,'MARCAS DO AMOR',2,'DISPONÍVEL','2009-05-15 15:06:40',NULL,1),(538,18,38,145,547,1,'MEDIUNIDADE CORPO E ALMA',1,'DISPONÍVEL','2009-05-15 15:06:40',NULL,1),(539,35,209,158,548,1,'A VERDADE REVELADA PARA KARDEC',1,'DISPONÍVEL','2009-06-01 21:00:17',NULL,1),(540,17,184,135,549,1,'CONVIVER E MELHORAR',2,'DISPONÍVEL','2009-05-15 15:06:40',NULL,1),(541,6,210,147,550,1,'UM DESAFIO CHAMADO FAMILIA',2,'DISPONÍVEL','2009-05-15 15:06:40',NULL,1),(542,18,94,80,551,1,'MEDIUNIDADE',1,'DISPONÍVEL','2009-05-15 15:06:41',NULL,1),(543,1,4,1,552,1,'RENUNCIA',3,'DISPONÍVEL','2009-05-15 15:06:41',NULL,1),(544,1,116,9,553,1,'PERDOA',3,'DISPONÍVEL','2009-05-15 15:06:41',NULL,1),(545,1,116,135,554,1,'DE VOLTA AO PASSADO',5,'DISPONÍVEL','2009-05-15 15:06:41',NULL,1),(546,1,116,9,555,1,'MANSÃO DOS LILASES',2,'DISPONÍVEL','2009-05-15 15:06:41',NULL,1),(547,1,211,62,556,1,'QUANDO O AMOR É ETERNO',1,'DISPONÍVEL','2009-05-15 15:06:41',NULL,1),(548,1,182,15,557,1,'A PONTE PARA O SEMPRE',1,'DISPONÍVEL','2009-05-15 15:06:41',NULL,1),(549,1,6,159,558,1,'A FORÇA DO AMOR',1,'DISPONÍVEL','2009-05-15 15:06:41',NULL,1),(550,6,212,90,558,1,'HERANÇA DO PECADO',2,'DISPONÍVEL','2009-05-15 15:06:41',NULL,1),(551,34,90,46,559,1,'PAULO DE TARSO',1,'DISPONÍVEL','2009-05-15 15:06:41',NULL,1),(552,1,213,160,560,1,'A INQUISIÇÃO',1,'DISPONÍVEL','2009-05-15 15:06:41',NULL,1),(553,6,213,9,561,1,'FUNDAMENTOS DA REFORMA INTIMA',1,'DISPONÍVEL','2009-05-15 15:06:41',NULL,1),(554,6,8,9,562,1,'SOL NAS ALMAS',1,'DISPONÍVEL','2009-05-15 15:06:41',NULL,1),(555,6,214,161,563,1,'ESPIRITO E VERDADE',1,'DISPONÍVEL','2009-05-15 15:06:41',NULL,1),(556,1,215,69,564,1,'ALÉM DO INFINITO AZUL',1,'DISPONÍVEL','2009-05-15 15:06:41',NULL,1),(557,1,216,90,565,1,'RETALHOS DA VIDA',2,'DISPONÍVEL','2009-05-15 15:06:41',NULL,1),(558,1,127,9,566,1,'REMOTOS CÂNTICOS DE BELÉM',1,'DISPONÍVEL','2009-05-15 15:06:41',NULL,1),(559,17,217,162,567,1,'O TÚNEO E A LUZ',1,'DISPONÍVEL','2009-06-01 21:11:29',NULL,1),(560,34,218,163,568,1,'FRANCISCO DE ASSIS',1,'DISPONÍVEL','2009-05-15 15:06:42',NULL,1),(561,10,7,5,569,1,'DEFICIENTE MENTAL',3,'DISPONÍVEL','2009-05-15 15:06:42',NULL,1),(562,23,219,164,570,1,'A JORNADA MÍTICA DE CADA UM',1,'DISPONÍVEL','2009-05-15 15:06:42',NULL,1),(563,23,220,164,571,1,'NA PLENITUDE DA ALMA',1,'DISPONÍVEL','2009-05-15 15:06:42',NULL,1),(564,23,221,70,572,1,'CONTATOS COM OS ANJOS DA QUARDA',1,'DISPONÍVEL','2009-05-15 15:06:42',NULL,1),(565,23,222,88,573,1,'ANGELATRIA',1,'DISPONÍVEL','2009-05-15 15:06:42',NULL,1),(566,6,58,25,574,1,'ATRAVESSANDO A RUA ',1,'DISPONÍVEL','2009-05-15 15:06:42',NULL,1),(567,17,223,165,575,1,'BIOÉTICA',1,'DISPONÍVEL','2009-05-15 15:06:42',NULL,1),(568,34,224,111,576,1,'EURÍPEDES B. O APÓSTOLO DA CARIDADE',1,'DISPONÍVEL','2009-05-15 15:06:42',NULL,1),(569,6,225,2,577,1,'A DESTINAÇÃO DO BRASIL',1,'DISPONÍVEL','2009-05-15 15:06:42',NULL,1),(570,1,226,1,578,1,'A CAMINHO DO ABISMO',1,'DISPONÍVEL','2009-05-15 15:06:42',NULL,1),(571,6,227,166,579,1,'MEDITAÇÃO - O SILENCIO INTERIOR',1,'DISPONÍVEL','2009-05-15 15:06:42',NULL,1),(572,37,228,112,580,1,'DESCONTE UM CONTO',1,'DISPONÍVEL','2009-06-01 21:31:32',NULL,1),(573,1,11,1,581,1,'ALMAS QUE VOLTAM',1,'DISPONÍVEL','2009-05-15 15:06:42',NULL,1),(574,6,58,9,582,1,'NÃO PISE NA BOLA',1,'DISPONÍVEL','2009-05-15 15:06:42',NULL,1),(575,6,156,113,583,1,'O MINISTÉRIO DA FAMÍLIA',1,'DISPONÍVEL','2009-05-15 15:06:43',NULL,1),(576,23,229,167,584,1,'O SENTIDO DA VIDA',1,'DISPONÍVEL','2009-05-15 15:06:43',NULL,1),(577,6,4,40,585,1,'DOUTRINA DE LUZ',1,'DISPONÍVEL','2009-05-15 15:06:43',NULL,1),(578,15,4,40,586,1,'SOMOS SEIS',2,'DISPONÍVEL','2009-05-15 15:06:43',NULL,1),(579,16,4,94,587,1,'AGORA É O TEMPO',3,'DISPONÍVEL','2009-05-15 15:06:43',NULL,1),(580,2,230,168,588,1,'CRÔNICAS EVANGELICAS',1,'DISPONÍVEL','2009-05-15 15:06:43',NULL,1),(581,2,32,101,589,1,'JESUS E O AMIGO DE BETÂNIA',1,'DISPONÍVEL','2009-05-15 15:06:43',NULL,1),(582,2,72,169,590,1,'AMIGO E MESTRE',2,'DISPONÍVEL','2009-05-15 15:06:43',NULL,1),(583,10,72,134,591,1,'LIRÍOS COLHIDOS',2,'DISPONÍVEL','2009-05-15 15:06:43',NULL,1),(584,6,231,35,592,1,'LENDAS ORIENTAIS',1,'DISPONÍVEL','2009-05-15 15:06:43',NULL,1),(585,20,232,31,593,1,'BRASIL 500 ANOS - HIST. ESPIRITUAL PANORAMA',1,'DISPONÍVEL','2009-05-15 15:06:43',NULL,1),(586,6,233,170,594,1,'A REENCARNAÇÃO, SEGUNDO A BIBLIA E A CIENCIA',1,'DISPONÍVEL','2009-05-15 15:06:43',NULL,1),(587,1,234,125,595,1,'O JARDIM DOS GIRASSOIS',1,'DISPONÍVEL','2009-05-15 15:06:43',NULL,1),(588,23,235,171,596,1,'O SUPRIMENTO INVISÍVEL',1,'DISPONÍVEL','2009-05-15 15:06:43',NULL,1),(589,1,17,12,597,1,'LUAR PELEGRINO (SÉRIE 01 ATÉ 10)',1,'DISPONÍVEL','2009-05-15 15:06:43',NULL,1),(590,20,12,126,598,1,'MARCAS DO PASSADO',3,'DISPONÍVEL','2009-05-15 15:06:43',NULL,1),(591,1,15,172,599,1,'ESPINHO DO TEMPO',3,'DISPONÍVEL','2009-05-15 15:06:43',NULL,1),(592,18,14,157,600,1,'MATERIALIZAÇÕES LUMINOSAS',1,'DISPONÍVEL','2009-05-15 15:06:44',NULL,1),(593,18,139,9,601,1,'VOCÊ E A MEDIUNIDADE',2,'DISPONÍVEL','2009-05-15 15:06:44',NULL,1),(594,6,58,173,602,1,'O CÉU AO NOSSO ALCANCE',1,'DISPONÍVEL','2009-05-15 15:06:44',NULL,1),(595,6,227,166,603,1,'AMOR, LINGUAGEM SILENCIOSA DA VIDA',1,'DISPONÍVEL','2009-05-15 15:06:44',NULL,1),(596,6,227,166,604,1,'NA LUTA DO COTIDIANO, A FORÇA DO AMOR',2,'DISPONÍVEL','2009-05-15 15:06:44',NULL,1),(597,37,224,174,605,1,'O REGRESSO DE GLÓRIA',1,'DISPONÍVEL','2009-05-15 15:06:44',NULL,1),(598,16,38,145,606,1,'PASSO A PASSO',1,'DISPONÍVEL','2009-05-15 15:06:44',NULL,1),(599,6,4,25,607,1,'ALMA E LUZ',1,'DISPONÍVEL','2009-05-15 15:06:44',NULL,1),(600,1,50,175,608,1,'AS MARGENS DO EUFRATES - O ALVORECER DA ESPIRITUALIDADE',1,'DISPONÍVEL','2009-05-15 15:06:44',NULL,1),(601,23,236,176,609,1,'AMOR, MEDICINA E MILAGRES',1,'DISPONÍVEL','2009-05-15 15:06:44',NULL,1),(602,23,237,70,610,1,'COMO MEDITAR',1,'DISPONÍVEL','2009-05-15 15:06:44',NULL,1),(603,23,238,177,611,1,'O CAMPO PSI ALFA',1,'DISPONÍVEL','2009-05-15 15:06:44',NULL,1),(604,1,211,62,612,1,'ROQUEIRO NO ALÉM',1,'DISPONÍVEL','2009-05-15 15:06:44',NULL,1),(605,6,239,178,613,1,'RESPOSTAS ESPIRITAS',1,'DISPONÍVEL','2009-05-15 15:06:44',NULL,1),(606,1,15,179,614,1,'O ADVOGADO DE DEUS',1,'DISPONÍVEL','2009-05-15 15:06:44',NULL,1),(607,1,116,9,615,1,'EM BUSCA DA ILUSÃO',2,'DISPONÍVEL','2009-05-15 15:06:44',NULL,1),(608,15,4,25,616,1,'CARAVANA DE AMOR',2,'DISPONÍVEL','2009-05-15 15:06:45',NULL,1),(609,6,3,16,617,1,'CONVERSA FRATERNA',1,'DISPONÍVEL','2009-05-15 15:06:45',NULL,1),(610,1,12,126,618,1,'SETENTA VEZES SETE',1,'DISPONÍVEL','2009-05-15 15:06:45',NULL,1),(611,23,94,80,619,1,'OS EXILADOS DE CAPELA',1,'DISPONÍVEL','2009-05-15 15:06:45',NULL,1),(612,1,240,180,620,1,'FLOR DE MARIA, A PROFESSORA PRIMÁRIA',1,'DISPONÍVEL','2009-05-15 15:06:45',NULL,1),(613,23,241,181,621,1,'O CAMINHO DO MAGO',1,'DISPONÍVEL','2009-05-15 15:06:45',NULL,1),(614,1,15,179,622,1,'O MORRO DAS ILUSÕES',3,'DISPONÍVEL','2009-05-15 15:06:45',NULL,1),(615,17,129,182,623,1,'O AQUI E O ALÉM',1,'DISPONÍVEL','2009-06-01 21:11:29',NULL,1),(616,1,242,183,624,1,'A MARGEM DA VIDA',1,'DISPONÍVEL','2009-05-15 15:06:45',NULL,1),(617,1,7,5,625,1,'A CASA DO PENHASCO',2,'DISPONÍVEL','2009-05-15 15:06:45',NULL,1),(618,1,243,184,626,1,'RETALHOS DA NOSSA EXISTENCIA',2,'DISPONÍVEL','2009-05-15 15:06:45',NULL,1),(619,6,244,185,627,1,'AMA-ME (DUAS HISTORIAS)',1,'DISPONÍVEL','2009-05-15 15:06:45',NULL,1),(620,6,245,186,628,1,'A NOVA JERUSALÉM E A 2ª MORTE NO APOCALIPSE',1,'DISPONÍVEL','2009-05-15 15:06:45',NULL,1),(621,1,246,187,629,1,'A TENDA DAS AFLIÇOES',1,'DISPONÍVEL','2009-05-15 15:06:46',NULL,1),(622,20,122,31,0,1,'',0,'DISPONÍVEL','2009-05-15 15:06:46',NULL,1),(623,6,247,147,631,1,'NOVAS CARTAS (IRMÃO X)',1,'DISPONÍVEL','2009-05-15 15:06:46',NULL,1),(624,2,65,9,632,1,'PARABOLAS E ENSINOS DE JESUS',1,'DISPONÍVEL','2009-05-15 15:06:46',NULL,1),(625,38,248,188,633,1,'NUNCA DIGA ADEUS (NÃO É ESPIRITA)',1,'DISPONÍVEL','2009-05-15 15:06:46',NULL,1),(626,1,7,189,634,1,'AMAI OS INIMIGOS',1,'DISPONÍVEL','2009-05-15 15:06:46',NULL,1),(627,38,249,125,635,1,'O CONTADOR DE HISTORIAS',1,'DISPONÍVEL','2009-06-01 21:32:02',NULL,1),(628,1,115,5,636,1,'OS TECELÕES DO DESTINO',2,'DISPONÍVEL','2009-05-15 15:06:46',NULL,1),(629,3,250,106,637,1,'CLONAGEM À LUZ DO ESPIRITSMO',1,'DISPONÍVEL','2009-05-15 15:06:46',NULL,1),(630,1,251,9,638,1,'O IGNORADO AMOR',2,'DISPONÍVEL','2009-05-15 15:06:46',NULL,1),(631,6,3,33,639,1,'COMPROMISSOS ILUMINATIVOS',1,'DISPONÍVEL','2009-05-15 15:06:46',NULL,1),(632,34,252,166,640,1,'MÉDICO DO CORPO E ALMA',2,'DISPONÍVEL','2009-05-15 15:06:46',NULL,1),(633,9,253,9,641,1,'O GIGANTE DEITADO',1,'DISPONÍVEL','2009-06-01 21:31:06',NULL,1),(634,6,254,179,642,1,'TUDO PELO MELHOR, CALUNGA',1,'DISPONÍVEL','2009-05-15 15:06:46',NULL,1),(635,6,254,179,643,1,'UM DEDINHO DE PROSA - CALUNGA',1,'DISPONÍVEL','2009-05-15 15:06:46',NULL,1),(636,1,255,5,644,1,'O DIÁRIO DE SOFIA',2,'DISPONÍVEL','2009-05-15 15:06:47',NULL,1),(637,38,256,190,645,1,'ROSA FLOR & A MOURA TORTA (NÃO É ESPIRITA)',1,'DISPONÍVEL','2009-05-15 15:06:47',NULL,1),(638,17,5,4,646,1,'O ESPIRITO E O TEMPO',1,'DISPONÍVEL','2009-06-01 21:11:29',NULL,1),(639,1,257,191,647,1,'ALGEMAS DOURADAS',2,'DISPONÍVEL','2009-05-15 15:06:47',NULL,1),(640,1,17,12,648,1,'LIVRE PARA VOAR',2,'DISPONÍVEL','2009-05-15 15:06:47',NULL,1),(641,1,258,135,649,1,'UM SÓ CORAÇÃO',1,'DISPONÍVEL','2009-05-15 15:06:47',NULL,1),(642,1,259,135,650,1,'DRAMAS DA PAIXÃO',3,'DISPONÍVEL','2009-05-15 15:06:47',NULL,1),(643,1,260,126,651,1,'VOLTOU PELA LEI DO AMOR',1,'DISPONÍVEL','2009-05-15 15:06:47',NULL,1),(644,6,3,33,652,1,'OTIMISMO',1,'DISPONÍVEL','2009-05-15 15:06:47',NULL,1),(645,23,261,70,653,1,'A AURA HUMANA',1,'DISPONÍVEL','2009-05-15 15:06:47',NULL,1),(646,18,94,35,654,1,'DESENVOLVIMENTO MEDIUNICO - PRÁTICO',1,'DISPONÍVEL','2009-05-15 15:06:47',NULL,1),(647,1,17,12,655,1,'AS LUZES DO SANTELMO',1,'DISPONÍVEL','2009-05-15 15:06:47',NULL,1),(648,1,6,19,656,1,'COBRA CAPELA',1,'DISPONÍVEL','2009-05-15 15:06:47',NULL,1),(649,20,6,135,657,1,'OS LUMINARES TCHECOS',1,'DISPONÍVEL','2009-05-15 15:06:47',NULL,1),(650,1,262,159,658,1,'A FORÇA DO AMOR',1,'DISPONÍVEL','2009-05-15 15:06:47',NULL,1),(651,6,169,192,659,1,'AMOR SEMPRE ',1,'DISPONÍVEL','2009-05-15 15:06:47',NULL,1),(652,1,263,125,660,1,'ECOS DE SÃO BATORLOMEU',1,'DISPONÍVEL','2009-05-15 15:06:47',NULL,1),(653,41,264,193,661,1,'O SERMÃO DA MONTANHA',1,'DISPONÍVEL','2009-05-15 15:06:48',NULL,1),(654,1,7,5,662,1,'O ULTIMO JANTAR',2,'DISPONÍVEL','2009-05-15 15:06:48',NULL,1),(655,34,40,31,663,1,'LINDOS CASOS DO EVANGELHO',1,'DISPONÍVEL','2009-06-01 21:09:30',NULL,1),(656,34,265,1,664,1,'VIDA E OBRA DE BEZERRA DE MENEZES',1,'DISPONÍVEL','2009-06-01 20:56:11',NULL,1),(657,6,4,1,665,1,'SEARA DOS MÉDIUNS',1,'DISPONÍVEL','2009-05-15 15:06:48',NULL,1),(658,10,72,194,666,1,'CASCATA DE LUZ',1,'DISPONÍVEL','2009-05-15 15:06:48',NULL,1),(659,1,266,195,667,1,'UM CAMINHO PARA A LIBERTAÇÃO',1,'DISPONÍVEL','2009-05-15 15:06:48',NULL,1),(660,6,58,52,668,1,'UM JEITO DE SER FELIZ',3,'DISPONÍVEL','2009-05-15 15:06:48',NULL,1),(661,1,267,1,669,1,'MIRETA',1,'DISPONÍVEL','2009-05-15 15:06:48',NULL,1),(662,1,268,1,670,1,'ELEONORA ',1,'DISPONÍVEL','2009-05-15 15:06:48',NULL,1),(663,1,269,126,671,1,'SOB O CÉU DE BAGDÁ',1,'DISPONÍVEL','2009-05-15 15:06:48',NULL,1),(664,1,270,125,672,1,'A LUZ QUE VEM DE DENTRO (VOLUME 2)',1,'DISPONÍVEL','2009-05-15 15:06:48',NULL,1),(665,1,15,179,673,1,'SEM MEDO DE VIVER',1,'DISPONÍVEL','2009-05-15 15:06:48',NULL,1),(666,1,271,31,674,1,'QUANDO ELE VOLTAR',1,'DISPONÍVEL','2009-05-15 15:06:48',NULL,1),(667,1,228,31,675,1,'SEM TEMPO PARA CHORAR',1,'DISPONÍVEL','2009-05-15 15:06:48',NULL,1),(668,1,272,5,676,1,'OS ANDARILHOS',2,'DISPONÍVEL','2009-05-15 15:06:48',NULL,1),(669,6,116,9,677,1,'ERROS E ACERTOS',2,'DISPONÍVEL','2009-05-15 15:06:49',NULL,1),(670,10,188,117,678,1,'Ó MUNDO QUE ENCONTREI',3,'DISPONÍVEL','2009-06-01 21:32:36',NULL,1),(671,1,7,5,679,1,'A MANSÃO DA PEDRA TORTA',1,'DISPONÍVEL','2009-05-15 15:06:49',NULL,1),(672,1,273,19,680,1,'O ROMANCE DE ARIMA',1,'DISPONÍVEL','2009-05-15 15:06:49',NULL,1),(673,1,187,25,681,1,'CALVÁRIO REDENTOR',1,'DISPONÍVEL','2009-05-15 15:06:49',NULL,1),(674,51,227,166,682,1,'MENSAGENS DE AMOR',1,'DISPONÍVEL','2009-06-01 21:30:05',NULL,1),(675,1,15,179,683,1,'NINGUÉM É DE NINGUÉM',1,'DISPONÍVEL','2009-05-15 15:06:49',NULL,1),(676,1,274,31,684,1,'SALMOS DE REDENÇÃO',1,'DISPONÍVEL','2009-05-15 15:06:49',NULL,1),(677,1,275,196,685,1,'O AMOR NÃO TEM IDADE',1,'DISPONÍVEL','2009-05-15 15:06:49',NULL,1),(678,1,6,197,686,1,'O CASTELO ENCANTADO',1,'DISPONÍVEL','2009-05-15 15:06:49',NULL,1),(679,6,120,198,687,1,'CORAGEM DO TESTEMUNHO',1,'DISPONÍVEL','2009-05-15 15:06:49',NULL,1),(680,1,6,199,688,1,'EPISÓDIO DA VIDA DE TIBÉRIO',1,'DISPONÍVEL','2009-05-15 15:06:49',NULL,1),(681,18,276,200,689,1,'TERAPIAS DA PERTUBAÇÕES ESPIRITUAIS',1,'DISPONÍVEL','2009-05-15 15:06:49',NULL,1),(682,15,3,146,690,1,'VIDAS EM TRIUNFO',1,'DISPONÍVEL','2009-05-15 15:06:49',NULL,1),(683,20,32,31,691,1,'NOSSOS TESTEMUNHOS',1,'DISPONÍVEL','2009-05-15 15:06:50',NULL,1),(684,20,10,31,692,1,'DO CALVÁRIO AO INFINITO',1,'DISPONÍVEL','2009-05-15 15:06:50',NULL,1),(685,6,277,201,694,1,'É QUASE AMANHÃ',1,'DISPONÍVEL','2009-05-15 15:06:50',NULL,1),(686,37,278,62,695,1,'CONTOS DA JUVENTUDE',1,'DISPONÍVEL','2009-05-15 15:06:50',NULL,1),(687,1,15,179,696,1,'QUANDO É PRECISO VOLTAR',1,'DISPONÍVEL','2009-05-15 15:06:50',NULL,1),(688,1,258,135,697,1,'SOB A LUZ DA VERDADE',1,'DISPONÍVEL','2009-05-15 15:06:50',NULL,1),(689,3,165,2,698,1,'A ALMA É IMORTAL',1,'DISPONÍVEL','2009-05-15 15:06:50',NULL,1),(690,20,4,40,699,1,'CALMA',1,'DISPONÍVEL','2009-05-15 15:06:50',NULL,1),(691,6,279,202,700,1,'OLHAI AS AVES DO CÉU',1,'DISPONÍVEL','2009-05-15 15:06:50',NULL,1),(692,20,115,31,701,1,'SAARA PALCO DE REDENÇÃO',1,'DISPONÍVEL','2009-05-15 15:06:50',NULL,1),(693,1,260,126,703,1,'RECONCILIA - TE PRIMEIRO',3,'DISPONÍVEL','2009-05-15 15:06:50',NULL,1),(694,1,15,31,704,1,'QUANDO CHEGA A HORA',1,'DISPONÍVEL','2009-05-15 15:06:50',NULL,1),(695,1,280,203,705,1,'O GUARDIÃO DO TEMPO',1,'DISPONÍVEL','2009-05-15 15:06:50',NULL,1),(696,1,281,126,706,1,'UM FANTASMA DE PESO',1,'DISPONÍVEL','2009-05-15 15:06:50',NULL,1),(697,6,190,139,707,1,'JESUS VOLTANDO',2,'DISPONÍVEL','2009-05-15 15:06:50',NULL,1),(698,20,190,31,708,1,'CINQUENTA EPÍSTOLAS',1,'DISPONÍVEL','2009-05-15 15:06:50',NULL,1),(699,20,282,126,709,1,'O SOL NASCE PARA TODOS',1,'DISPONÍVEL','2009-05-15 15:06:50',NULL,1),(700,1,243,184,710,1,'ESPELHO DA ETERNIDADE',2,'DISPONÍVEL','2009-05-15 15:06:50',NULL,1),(701,1,283,204,711,1,'JUSTIÇA DIREITO E MISERICÓRDIA',1,'DISPONÍVEL','2009-05-15 15:06:51',NULL,1),(702,23,94,205,712,1,'O REDENTOR',1,'DISPONÍVEL','2009-05-15 15:06:51',NULL,1),(703,23,284,149,713,1,'APOCALIPSE SEM MEDO',1,'DISPONÍVEL','2009-05-15 15:06:51',NULL,1),(704,1,285,196,714,1,'DAS AREIAS DA PRAIA ÀS ESTRELAS',1,'DISPONÍVEL','2009-05-15 15:06:51',NULL,1),(705,1,286,206,715,1,'CINZAS DO PASSADO',1,'DISPONÍVEL','2009-05-15 15:06:51',NULL,1),(706,20,271,31,716,1,'PELO AMOR OU PELA DOR',1,'DISPONÍVEL','2009-05-15 15:06:51',NULL,1),(707,1,287,31,717,1,'O AMOR SEMPRE VENCE',1,'DISPONÍVEL','2009-05-15 15:06:51',NULL,1),(708,1,288,19,718,1,'O AMOR JAMAIS TE ESQUECE',1,'DISPONÍVEL','2009-05-15 15:06:51',NULL,1),(709,1,289,19,719,1,'AMOR E AMBIÇÃO',1,'DISPONÍVEL','2009-05-15 15:06:51',NULL,1),(710,41,290,207,720,1,'ROSAS AO VENTO',1,'DISPONÍVEL','2009-05-15 15:06:51',NULL,1),(711,41,4,31,721,1,'CAMINHOS DO AMOR',1,'DISPONÍVEL','2009-06-01 21:17:27',NULL,1),(712,1,158,25,722,1,'O SONHO DE UM CABLOCO',1,'DISPONÍVEL','2009-05-15 15:06:51',NULL,1),(713,1,291,208,723,1,'MEDO DE AMAR',1,'DISPONÍVEL','2009-05-15 15:06:51',NULL,1),(714,1,292,209,724,1,'SUBLIME PERDÃO',2,'DISPONÍVEL','2009-05-15 15:06:51',NULL,1),(715,1,293,9,725,1,'MEU FILHO, MINHA ESCOLHA',1,'DISPONÍVEL','2009-05-15 15:06:52',NULL,1),(716,1,294,135,726,1,'A ETERNA BUSCA DA CURA',1,'DISPONÍVEL','2009-05-15 15:06:52',NULL,1),(717,1,3,210,727,1,'O HOMEM INTEGRAL',1,'DISPONÍVEL','2009-05-15 15:06:52',NULL,1),(718,6,1,1,728,1,'SUBLIMAÇÃO',1,'DISPONÍVEL','2009-05-15 15:06:52',NULL,1),(719,6,295,211,729,1,'RENASCER DAS EMOÇÕES',1,'DISPONÍVEL','2009-05-15 15:06:52',NULL,1),(720,1,296,25,730,1,'ESTRELAS NO ASFALTO',1,'DISPONÍVEL','2009-05-15 15:06:52',NULL,1),(721,1,1,1,731,1,'AMOR E ÓDIO',3,'DISPONÍVEL','2009-05-15 15:06:52',NULL,1),(722,1,72,64,732,1,'NINGUÉM ESTÁ SOZINHO!',1,'DISPONÍVEL','2009-05-15 15:06:52',NULL,1),(723,20,243,62,733,1,'PEGADAS A CAMINHO DA EVOLUÇÃO',1,'DISPONÍVEL','2009-05-15 15:06:52',NULL,1),(724,18,3,16,734,1,'LUZ VIVA',1,'DISPONÍVEL','2009-05-15 15:06:52',NULL,1),(725,20,297,9,735,1,'ECO DO PASSADO',1,'DISPONÍVEL','2009-05-15 15:06:52',NULL,1),(726,1,298,9,736,1,'A MORTE NÃO É O FIM',1,'DISPONÍVEL','2009-05-15 15:06:52',NULL,1),(727,20,299,62,737,1,'MEDIUNIDADE',1,'DISPONÍVEL','2009-05-15 15:06:52',NULL,1),(728,1,288,25,738,1,'SOB AS MÃOS DA MISERICORDIA',1,'DISPONÍVEL','2009-05-15 15:06:52',NULL,1),(729,1,300,200,739,1,'AMOR ALÉM DA VIDA',1,'DISPONÍVEL','2009-05-15 15:06:52',NULL,1),(730,1,7,5,740,1,'O SONAMBULO',1,'DISPONÍVEL','2009-05-15 15:06:52',NULL,1),(731,20,301,31,741,1,'FAZ PARTE DO MEU SHOW',1,'DISPONÍVEL','2009-05-15 15:06:52',NULL,1),(732,1,302,31,742,1,'SOB O OLHAR DE VIRGÍNIA PALERMO',1,'DISPONÍVEL','2009-05-15 15:06:53',NULL,1),(733,1,303,31,743,1,'POR FAVOR, AJUDE-ME A SER FELIZ',1,'DISPONÍVEL','2009-05-15 15:06:53',NULL,1),(734,1,75,31,744,1,'COM AMOR NÃO SE BRINCA',2,'DISPONÍVEL','2009-05-15 15:06:53',NULL,1),(735,20,287,126,745,1,'MARIANA OU MARIE-ANE?',1,'DISPONÍVEL','2009-05-15 15:06:53',NULL,1),(736,20,304,31,746,1,'CONDENADO SEM APELAÇÃO',1,'DISPONÍVEL','2009-05-15 15:06:53',NULL,1),(737,20,305,31,747,1,'FOI POR AMOR',1,'DISPONÍVEL','2009-05-15 15:06:53',NULL,1),(738,20,288,25,748,1,'A FORÇA DA BONDADE',1,'DISPONÍVEL','2009-05-15 15:06:53',NULL,1),(739,20,306,5,749,1,'O BEM SEMPRE TRIUNFA',1,'DISPONÍVEL','2009-05-15 15:06:53',NULL,1),(740,20,307,212,750,1,'MEDICINA DO ALÉM',1,'DISPONÍVEL','2009-05-15 15:06:53',NULL,1),(741,20,122,31,750,1,'',0,'DISPONÍVEL','2009-05-15 15:06:53',NULL,1),(742,20,308,31,751,1,'SEM REGRAS PARA AMAR',1,'DISPONÍVEL','2009-05-15 15:06:53',NULL,1),(743,20,298,9,752,1,'SUBLIME MISSÃO',1,'DISPONÍVEL','2009-05-15 15:06:53',NULL,1),(744,20,309,174,753,1,'UM PASSADO BEM PRESENTE',1,'DISPONÍVEL','2009-05-15 15:06:53',NULL,1),(745,1,38,31,754,1,'SOB AS CINZAS DO TEMPO',2,'DISPONÍVEL','2009-05-15 15:06:53',NULL,1),(746,20,310,181,755,1,'DOM SUPREMO',1,'DISPONÍVEL','2009-05-15 15:06:53',NULL,1),(747,17,169,213,756,1,'SONHOS MENSAGEM DA ALMA ****',1,'DISPONÍVEL','2009-06-01 21:11:29',NULL,1),(748,1,234,125,757,1,'O SONO DOS HIBISCOS',1,'DISPONÍVEL','2009-05-15 15:06:53',NULL,1),(749,1,15,179,758,1,'UM AMOR DE VERDADE',2,'DISPONÍVEL','2009-05-15 15:06:53',NULL,1),(750,1,15,31,759,1,'TUDO VALEU A PENA',2,'DISPONÍVEL','2009-05-15 15:06:54',NULL,1),(751,1,311,31,760,1,'LEMBRANÇAS DE MORTO VIVO',1,'DISPONÍVEL','2009-05-15 15:06:54',NULL,1),(752,20,312,147,761,1,'ATÉ QUE A MORTE NOS REÚNA',1,'DISPONÍVEL','2009-05-15 15:06:54',NULL,1),(753,1,72,31,762,1,'MAIS ALÉM DO MEU OLHAR',1,'DISPONÍVEL','2009-05-15 15:06:54',NULL,1),(754,1,313,214,763,1,'AS BRUMAS DE AVALON (VOLUME 01E 02)',1,'DISPONÍVEL','2009-05-15 15:06:54',NULL,1),(755,20,306,147,764,1,'AMOR FÉ E REDENÇÃO',1,'DISPONÍVEL','2009-05-15 15:06:54',NULL,1),(756,6,314,215,765,1,'O QUE DIZEM OS ESPÍRITOS SOBRE O ABORTO',1,'DISPONÍVEL','2009-05-15 15:06:54',NULL,1),(757,20,315,31,766,1,'A TERCEIRA VIAGEM',1,'DISPONÍVEL','2009-05-15 15:06:54',NULL,1),(758,1,7,5,767,1,'O JARDIM DAS ROSAS',1,'DISPONÍVEL','2009-05-15 15:06:54',NULL,1),(759,20,271,31,768,1,'A PASSAGEM',1,'DISPONÍVEL','2009-05-15 15:06:54',NULL,1),(760,1,316,31,770,1,'CINTIA',1,'DISPONÍVEL','2009-05-15 15:06:54',NULL,1),(761,1,287,126,771,1,'MEDIDA DRÁTICA',1,'DISPONÍVEL','2009-05-15 15:06:54',NULL,1),(762,23,317,31,772,1,'LIÇÕES DE AMOR MAENSAGEM DE MARIA',1,'DISPONÍVEL','2009-05-15 15:06:54',NULL,1),(763,23,317,31,773,1,'MENSAGENS DE MARIA PARA O MUNDO',1,'DISPONÍVEL','2009-05-15 15:06:54',NULL,1),(764,23,317,31,774,1,'MENSAGENS DE MARIA PARA A FAMÍLIA',2,'DISPONÍVEL','2009-05-15 15:06:54',NULL,1),(765,1,187,216,775,1,'DUAS VIDAS ',1,'DISPONÍVEL','2009-05-15 15:06:54',NULL,1),(766,20,287,31,776,1,'EM NOME DE DEUS',1,'DISPONÍVEL','2009-05-15 15:06:54',NULL,1),(767,1,115,31,777,1,'UMA PARTIDA DE AMOR',1,'DISPONÍVEL','2009-05-15 15:06:54',NULL,1),(768,1,7,5,778,1,'O CÉU PODE ESPERAR',1,'DISPONÍVEL','2009-05-15 15:06:54',NULL,1),(769,2,318,59,779,1,'QUEM É O CRISTO',2,'DISPONÍVEL','2009-05-15 15:06:55',NULL,1),(770,1,319,31,780,1,'RETORNO AO PRICÍPIO',1,'DISPONÍVEL','2009-05-15 15:06:55',NULL,1),(771,1,320,31,782,1,'O AMOR É PARA SEMPRE',1,'DISPONÍVEL','2009-05-15 15:06:55',NULL,1),(772,1,321,31,783,1,'AS LIÇÕES DE CHICO XAVIER',1,'DISPONÍVEL','2009-05-15 15:06:55',NULL,1),(773,35,69,31,784,1,'ATENDIMENTO FRATERNO',1,'DISPONÍVEL','2009-05-15 15:06:55',NULL,1),(774,18,69,175,785,1,'O EXILADO',1,'DISPONÍVEL','2009-05-15 15:06:55',NULL,1),(775,1,322,31,786,1,'SÓ O AMOR LIBERTA',1,'DISPONÍVEL','2009-05-15 15:06:55',NULL,1),(776,6,1,1,787,1,'A LUZ DO CONSOLADOR',1,'DISPONÍVEL','2009-05-15 15:06:55',NULL,1),(777,1,323,5,788,1,'DESAFIOS DE GENTE JOVENS',1,'DISPONÍVEL','2009-05-15 15:06:55',NULL,1),(778,8,4,31,789,1,'O ESPETÁCULO CONTINUA TINTERIO',1,'DISPONÍVEL','2009-05-15 15:06:55',NULL,1),(779,1,324,147,790,1,'ABISMO DE PAIXÕES',0,'DISPONÍVEL','2009-05-15 15:06:55',NULL,1),(780,6,325,31,791,1,'O DESPERTAR DA ESPIRITUALIDADE',0,'DISPONÍVEL','2009-05-15 15:06:55',NULL,1),(781,3,326,31,792,1,'FORÇAS SEXUAIS DA ALMA',1,'DISPONÍVEL','2009-05-15 15:06:55',NULL,1),(782,15,8,31,793,1,'DE CORAÇÃO PARA CORAÇÃO',1,'DISPONÍVEL','2009-05-15 15:06:55',NULL,1),(783,17,52,5,794,1,'O PROBLEMA DO SER - 01 - V (COLEÇÃO)',1,'DISPONÍVEL','2009-05-15 15:06:55',NULL,1),(784,20,327,31,795,1,'O SOL DA LIBERDADE',2,'DISPONÍVEL','2009-05-15 15:06:55',NULL,1),(785,6,328,31,796,1,'ENCONTRO COM CHICO XAVIER',1,'DISPONÍVEL','2009-05-15 15:06:55',NULL,1),(786,1,15,31,797,1,'PARE DE SOFRER',1,'DISPONÍVEL','2009-05-15 15:06:55',NULL,1),(787,1,72,194,798,1,'DEIXE-ME VIVER',1,'DISPONÍVEL','2009-05-15 15:06:56',NULL,1),(788,1,7,5,799,1,'AQUELES QUE AMAM',1,'DISPONÍVEL','2009-05-15 15:06:56',NULL,1),(789,1,231,31,800,1,'O ESTRANHO PEDIDO',1,'DISPONÍVEL','2009-05-15 15:06:56',NULL,1),(790,1,3,31,801,1,'OS DIAMANTES FÁTÍDICOS',1,'DISPONÍVEL','2009-05-15 15:06:56',NULL,1),(791,1,329,31,802,1,'SOMOS TODOS APRENDIZES',2,'DISPONÍVEL','2009-05-15 15:06:56',NULL,1),(792,1,273,19,803,1,'COLINA DOS PARDAIS',1,'DISPONÍVEL','2009-05-15 15:06:56',NULL,1),(793,1,330,197,804,1,'UM ANJO ESTÁ NAS RUAS',1,'DISPONÍVEL','2009-05-15 15:06:56',NULL,1),(794,1,331,122,805,1,'SEM REGRAS PARA AMAR',2,'DISPONÍVEL','2009-05-15 15:06:56',NULL,1),(795,1,287,31,806,1,'ALMAS A CAMINHO DA REDENÇÃO',1,'DISPONÍVEL','2009-05-15 15:06:56',NULL,1),(796,17,52,2,807,1,'DEPOIS DA MORTE',2,'DISPONÍVEL','2009-05-15 15:06:56',NULL,1),(797,20,332,31,808,1,'NOS CAMPO DA FRANÇA',1,'DISPONÍVEL','2009-05-15 15:06:56',NULL,1),(798,1,333,31,809,1,'TESTEMUNHOS DE AMOR',1,'DISPONÍVEL','2009-05-15 15:06:56',NULL,1),(799,20,334,31,810,1,'AMAR APESAR DE TUDO',1,'DISPONÍVEL','2009-05-15 15:06:56',NULL,1),(800,1,331,122,811,1,'UM MOTIVO PARA VIVER',1,'DISPONÍVEL','2009-05-15 15:06:56',NULL,1),(801,20,75,31,812,1,'SENTINDO NA PROPRIA PELE',1,'DISPONÍVEL','2009-05-15 15:06:56',NULL,1),(802,10,72,217,813,1,'DRIBLANDO A DOR',1,'DISPONÍVEL','2009-05-15 15:06:56',NULL,1),(803,1,331,122,814,1,'DESPERTAR PARA A VIDA',1,'DISPONÍVEL','2009-05-15 15:06:56',NULL,1),(804,20,335,2,815,1,'MEDIUNIDADE - CLEIA JOSUA DA LUZ',1,'DISPONÍVEL','2009-05-15 15:06:56',NULL,1),(805,16,4,94,816,1,'RESPOSTAS DA VIDA',1,'DISPONÍVEL','2009-05-15 15:06:56',NULL,1),(806,10,188,64,817,1,'NOVAS MENSAGENS',1,'DISPONÍVEL','2009-06-01 21:32:36',NULL,1),(807,44,3,33,818,1,'ESPELHO D`ALMA',3,'DISPONÍVEL','2009-05-15 15:06:56',NULL,1),(808,10,72,64,819,1,'CONCIÊNCIA',2,'DISPONÍVEL','2009-05-15 15:06:57',NULL,1),(809,5,336,61,820,1,'AMOR DE SETE FASES',1,'DISPONÍVEL','2009-06-01 21:18:54',NULL,1),(810,15,4,24,821,1,'ESPERANÇA E ALEGRIA',1,'DISPONÍVEL','2009-05-15 15:06:57',NULL,1),(811,16,4,143,822,1,'ESCULTORES DE ALMA',1,'DISPONÍVEL','2009-05-15 15:06:57',NULL,1),(812,16,4,62,823,1,'ASSIM VENCERÁS',2,'DISPONÍVEL','2009-05-15 15:06:57',NULL,1),(813,3,135,1,824,1,'O ESPIRITISMO À LUZ DOS FATOS',1,'DISPONÍVEL','2009-05-15 15:06:57',NULL,1),(814,16,4,143,826,1,'LIVRO DE RESPOSTAS',2,'DISPONÍVEL','2009-05-15 15:06:57',NULL,1),(815,6,4,106,827,1,'TAÇA DE LUZ',2,'DISPONÍVEL','2009-05-15 15:06:57',NULL,1),(816,16,4,25,828,1,'ATENÇÃO',1,'DISPONÍVEL','2009-05-15 15:06:57',NULL,1),(817,16,4,24,830,1,'PASSOS DA VIDA',1,'DISPONÍVEL','2009-05-15 15:06:57',NULL,1),(818,25,4,25,831,1,'O ESPERANTO COMO REVELAÇÃO',1,'DISPONÍVEL','2009-05-15 15:06:57',NULL,1),(819,5,4,25,832,1,'SORRIR E PENSAR',1,'DISPONÍVEL','2009-05-15 15:06:57',NULL,1),(820,6,4,1,833,1,'PENSAMENTO E VIDA',1,'DISPONÍVEL','2009-05-15 15:06:57',NULL,1),(821,15,4,25,834,1,'HORA DE LUZ',2,'DISPONÍVEL','2009-05-15 15:06:57',NULL,1),(822,6,4,25,835,1,'CARIDADE',1,'DISPONÍVEL','2009-05-15 15:06:57',NULL,1),(823,8,4,1,836,1,'MENSAGEM DO PEQUENO MORTO',1,'DISPONÍVEL','2009-05-15 15:06:57',NULL,1),(824,23,337,90,837,1,'APARIÇÕES DE MARIA',1,'DISPONÍVEL','2009-05-15 15:06:57',NULL,1),(825,6,47,31,838,1,'OS ABORTADOS',1,'DISPONÍVEL','2009-05-15 15:06:57',NULL,1),(826,6,338,2,839,1,'IDE E PREGAI',2,'DISPONÍVEL','2009-05-15 15:06:57',NULL,1),(827,20,339,31,840,1,'CONTOS DE LÁ E DE CÁ',1,'DISPONÍVEL','2009-05-15 15:06:57',NULL,1),(828,5,3,3,841,1,'POEMA DE PAZ',1,'DISPONÍVEL','2009-05-15 15:06:57',NULL,1),(829,6,340,25,842,1,'DE JESUS PARA OS QUE SOFREM',1,'DISPONÍVEL','2009-05-15 15:06:57',NULL,1),(830,23,341,15,843,1,'A TERCEIRA VISÃO',1,'DISPONÍVEL','2009-05-15 15:06:57',NULL,1),(831,20,32,101,844,1,'MENSAGENS PARA VOCÊ',1,'DISPONÍVEL','2009-05-15 15:06:58',NULL,1),(832,18,94,80,845,1,'O ESTRANHO CASO DE ROSE RAMIRES',1,'DISPONÍVEL','2009-05-15 15:06:58',NULL,1),(833,6,3,3,846,1,'ALERTA',1,'DISPONÍVEL','2009-05-15 15:06:58',NULL,1),(834,34,342,2,847,1,'BEZERRA DE MENEZES',1,'DISPONÍVEL','2009-06-01 21:09:30',NULL,1),(835,9,56,4,848,1,'POR UM MUNDO MELHOR',1,'DISPONÍVEL','2009-05-15 15:06:58',NULL,1),(836,20,7,5,849,1,'O MISTERIO DO SOBRADO',2,'DISPONÍVEL','2009-05-15 15:06:58',NULL,1),(837,6,3,158,851,1,'PORTUGAL E AS VOZES DO ALÉM',1,'DISPONÍVEL','2009-05-15 15:06:58',NULL,1),(838,6,3,31,852,1,'HOMEM INTEGRAL',1,'DISPONÍVEL','2009-05-15 15:06:58',NULL,1),(839,20,343,31,853,1,'LEMBRANÇA DE OUTRA VIDA',1,'DISPONÍVEL','2009-05-15 15:06:58',NULL,1),(840,20,344,31,854,1,'NOVOS CONTOS DA JUVENTUDE',1,'DISPONÍVEL','2009-05-15 15:06:58',NULL,1),(841,1,345,25,855,1,'ESCRAVO DA ILUSÃO',2,'DISPONÍVEL','2009-05-15 15:06:58',NULL,1),(842,1,346,31,856,1,'ROMANCE ANDALUZ',1,'DISPONÍVEL','2009-05-15 15:06:58',NULL,1),(843,20,347,218,857,1,'APOMETRIA',1,'DISPONÍVEL','2009-05-15 15:06:58',NULL,1),(844,20,190,219,858,1,'O MESTRE DOS MESTRES',1,'DISPONÍVEL','2009-05-15 15:06:58',NULL,1),(845,20,190,220,859,1,'O CRISTO EM NÓS',1,'DISPONÍVEL','2009-05-15 15:06:58',NULL,1),(846,20,348,221,860,1,'UNGIDOS PELO ESPÍRITO',1,'DISPONÍVEL','2009-05-15 15:06:58',NULL,1),(847,20,190,163,861,1,'INICIAÇÃO - VIAGEM ASTRAL',1,'DISPONÍVEL','2009-05-15 15:06:58',NULL,1),(848,20,349,110,862,1,'VERDADES DA VIDA',1,'DISPONÍVEL','2009-05-15 15:06:58',NULL,1),(849,20,159,222,863,1,'S.O.S ESPÍRITOS SOCORREM A TERRA',1,'DISPONÍVEL','2009-05-15 15:06:59',NULL,1),(850,20,350,223,864,1,'TERAPIAS DE VIDA PASSADA E ESPIRITISMO',1,'DISPONÍVEL','2009-05-15 15:06:59',NULL,1),(851,3,351,57,865,1,'ANTOLOGIA DO PERISPÍRITO',1,'DISPONÍVEL','2009-05-15 15:06:59',NULL,1),(852,20,15,224,866,1,'BATE-PAPO COM O ALÉM',1,'DISPONÍVEL','2009-05-15 15:06:59','0000-00-00 00:00:00',1),(853,20,190,163,867,1,'AVE LUZ',1,'DISPONÍVEL','2009-05-15 15:06:59',NULL,1),(854,20,69,4,868,1,'AS MIL FACES DA REALIDADE ESPIRITUAL',1,'DISPONÍVEL','2009-05-15 15:06:59',NULL,1),(855,20,190,163,869,1,'ROSA CRISTO',1,'DISPONÍVEL','2009-05-15 15:06:59',NULL,1),(856,20,352,225,870,1,'O MESTRE DA VIDA',1,'DISPONÍVEL','2009-05-15 15:06:59',NULL,1),(857,1,116,9,871,1,'AVES SEM NINHO',1,'DISPONÍVEL','2009-05-15 15:06:59',NULL,1),(858,23,58,52,872,1,'QUEM TEM MEDO DA OBSESSÃO',1,'DISPONÍVEL','2009-06-01 21:13:58',NULL,1),(859,5,4,143,873,1,'TÃO FÁCIL',1,'DISPONÍVEL','2009-05-15 15:06:59',NULL,1),(860,20,353,61,874,1,'QUANDO A VIDA É UMA FESTA',1,'DISPONÍVEL','2009-05-15 15:06:59','0000-00-00 00:00:00',1),(861,20,22,106,875,1,'ESCOLA DO DIVULGADOR DA DOUTRINA ESPÍRITA',1,'DISPONÍVEL','2009-05-15 15:06:59',NULL,1),(862,20,354,126,876,1,'FORÇA INTERIOR',1,'DISPONÍVEL','2009-05-15 15:06:59','0000-00-00 00:00:00',1),(863,20,355,31,877,1,'SEGREDOS DA REALIZAÇÃO',1,'DISPONÍVEL','2009-05-15 15:06:59',NULL,1),(864,20,356,35,878,1,'TOINZINHO E O ANJO GALDINO',1,'DISPONÍVEL','2009-05-15 15:06:59',NULL,1),(865,20,190,163,879,1,'O REINO DE DEUS',1,'DISPONÍVEL','2009-05-15 15:06:59',NULL,1),(866,2,190,163,880,1,'ALGUNS ÂNGULOS DOS ENSINOS DO MESTRE',1,'DISPONÍVEL','2009-05-15 15:07:00',NULL,1),(867,20,227,226,881,1,'A ESPIRITUALIDADE ILUNINA A VIDA DO HOMEM (VOLUME I AO V)',1,'DISPONÍVEL','2009-05-15 15:07:00',NULL,1),(868,6,357,40,882,1,'AH! SE EU SOUBESSE ...',1,'DISPONÍVEL','2009-05-15 15:07:00',NULL,1),(869,2,4,1,883,1,'RECONFORTO',1,'DISPONÍVEL','2009-05-15 15:07:00',NULL,1),(870,41,4,24,886,1,'ANTOLOGIA MEDIUNICA DO NATAL',1,'DISPONÍVEL','2009-05-15 15:07:00',NULL,1),(871,20,4,24,887,1,'O LIVRO DA ESPERANÇA',1,'DISPONÍVEL','2009-05-15 15:07:00',NULL,1),(872,6,58,52,888,1,'UMA RAZÃO PARA VIVER',2,'DISPONÍVEL','2009-05-15 15:07:00',NULL,1),(873,20,4,227,889,1,'ROSEIRAL DE LUZ',1,'DISPONÍVEL','2009-05-15 15:07:00',NULL,1),(874,9,4,9,890,1,'RELATOS DA VIDA',1,'DISPONÍVEL','2009-05-15 15:07:00',NULL,1),(875,20,4,143,891,1,'A LUZ DA ORAÇÃO',1,'DISPONÍVEL','2009-05-15 15:07:00',NULL,1),(876,16,4,1,892,1,'ENDEREÇO DA PAZ',1,'DISPONÍVEL','2009-05-15 15:07:00',NULL,1),(877,9,4,1,893,1,'REPORTAGENS DE ALÉM - TÚMULO',1,'DISPONÍVEL','2009-05-15 15:07:00',NULL,1),(878,5,4,24,894,1,'RETRATOS DA VIDA',1,'DISPONÍVEL','2009-05-15 15:07:00',NULL,1),(879,20,1,1,895,1,'A TRAGÉDIA DE SANTA MARIA',1,'DISPONÍVEL','2009-05-15 15:07:00',NULL,1),(880,18,358,33,896,1,'REUNIÕES MEDIÚNICAS',1,'DISPONÍVEL','2009-05-15 15:07:00',NULL,1),(881,20,359,228,897,1,'A VERDADE DE NOSTRADAMUS',1,'DISPONÍVEL','2009-05-15 15:07:00',NULL,1),(882,18,360,9,898,1,'MEDIUNIDADE & MEDICINA',1,'DISPONÍVEL','2009-05-15 15:07:00',NULL,1),(883,20,190,163,899,1,'CIRURGIA MORAL',1,'DISPONÍVEL','2009-05-15 15:07:00',NULL,1),(884,20,184,135,900,1,'SOL DO AMANHECER',1,'DISPONÍVEL','2009-05-15 15:07:01',NULL,1),(885,18,5,179,901,1,'OBSESSÃO O PASSE A DOUTRINAÇÃO',1,'DISPONÍVEL','2009-05-15 15:07:01',NULL,1),(886,20,81,70,902,1,'ILHAS DE SALVAÇÃO',1,'DISPONÍVEL','2009-05-15 15:07:01',NULL,1),(887,20,361,46,903,1,'VIDA DE JESUS',1,'DISPONÍVEL','2009-05-15 15:07:01',NULL,1),(888,20,362,220,904,1,'O MUNDO DE FRANCISCO DE ASSIS',1,'DISPONÍVEL','2009-05-15 15:07:01',NULL,1),(889,20,363,31,905,1,'PROSSIGA COM OTIMISMO',1,'DISPONÍVEL','2009-05-15 15:07:01',NULL,1),(890,20,228,229,906,1,'O FILHO DO SILVÉRIO',1,'DISPONÍVEL','2009-05-15 15:07:01',NULL,1),(891,41,364,230,907,1,'OS BENS AVENTURADOS',1,'DISPONÍVEL','2009-05-15 15:07:01',NULL,1),(892,20,112,1,908,1,'A VOZ DO ANTIGO EGITO',1,'DISPONÍVEL','2009-05-15 15:07:01',NULL,1),(893,34,365,80,909,1,'BEZERRA DE MENEZES - MÉDICOS DOS POBRES',1,'DISPONÍVEL','2009-05-15 15:07:01',NULL,1),(894,20,366,231,910,1,'COLEÇÃO CAMINHOS ESPIRITUAIS',1,'DISPONÍVEL','2009-05-15 15:07:01',NULL,1),(895,17,367,1,911,1,'BRASIL MAIS ALÉM',1,'DISPONÍVEL','2009-06-01 21:11:29',NULL,1),(896,20,368,25,912,1,'A GRANDE ESPERA',1,'DISPONÍVEL','2009-05-15 15:07:01',NULL,1),(897,6,362,1,913,1,'NOTÍCIAS DO CRISTO',1,'DISPONÍVEL','2009-05-15 15:07:01',NULL,1),(898,5,38,25,914,1,'DOR E LUZ',1,'DISPONÍVEL','2009-05-15 15:07:01',NULL,1),(899,3,369,33,915,1,'ATENDIEMENTO FRATERNO',1,'DISPONÍVEL','2009-05-15 15:07:01',NULL,1),(900,18,370,1,916,1,'SESSÕES PRÁTICAS E DOUTRINÁRIAS DO ESPIRITISMO',1,'DISPONÍVEL','2009-06-01 21:23:52',NULL,1),(901,20,65,9,917,1,'A VIDA NO OUTRO MUNDO',1,'DISPONÍVEL','2009-05-15 15:07:02',NULL,1),(902,51,359,59,918,1,'A CARTA DE TIAGO',1,'DISPONÍVEL','2009-05-15 15:07:02',NULL,1),(903,17,371,126,919,1,'PORQUE SOU ESPIRITA',1,'DISPONÍVEL','2009-06-01 21:11:29',NULL,1),(904,20,4,232,920,1,'MÃE SANTISSÍMA',1,'DISPONÍVEL','2009-05-15 15:07:02',NULL,1),(905,20,227,166,921,1,'ESPIRITISMO E EXERCÍCIO MEDIÚNICO',1,'DISPONÍVEL','2009-05-15 15:07:02',NULL,1),(906,20,254,179,922,1,'\"SE LIGUE\" EM VOCÊ',1,'DISPONÍVEL','2009-05-15 15:07:02',NULL,1),(907,20,372,233,923,1,'DE ENCONTRO A REALIDADE',1,'DISPONÍVEL','2009-05-15 15:07:02',NULL,1),(908,20,373,106,924,1,'O EVANGELHO PEDE LICENÇA',1,'DISPONÍVEL','2009-05-15 15:07:02',NULL,1),(909,9,15,234,925,1,'PEDAÇOS DO COTIDIANO',1,'DISPONÍVEL','2009-06-01 21:31:06','0000-00-00 00:00:00',1),(910,20,374,235,926,1,'UMA VIDA, APENAS ...',1,'DISPONÍVEL','2009-05-15 15:07:02',NULL,1),(911,20,375,179,927,1,'HISTORIAS QUE CURAM',1,'DISPONÍVEL','2009-05-15 15:07:02',NULL,1),(912,1,259,135,929,1,'O HERDEIRO',1,'DISPONÍVEL','2009-05-15 15:07:02',NULL,1),(913,41,3,33,930,1,'NO LONGE JARDIM',1,'DISPONÍVEL','2009-05-15 15:07:02',NULL,1),(914,1,196,236,931,1,'ETERNAMENTE AMIGOS',2,'DISPONÍVEL','2009-05-15 15:07:02',NULL,1),(915,35,376,237,932,1,'COEM - MANUAL DE APLICAÇÃO',1,'DISPONÍVEL','2009-06-01 21:00:17',NULL,1),(916,41,377,238,933,1,'ANTOLOGIA DO ADEUS',1,'DISPONÍVEL','2009-05-15 15:07:02',NULL,1),(917,20,3,146,934,1,'PLENETUDE',1,'DISPONÍVEL','2009-05-15 15:07:03',NULL,1),(918,20,378,70,935,1,'PADRÕES DE CONDUTA PARA A NOVA HUMANIDADE',1,'DISPONÍVEL','2009-05-15 15:07:03',NULL,1),(919,6,4,1,936,1,'EMMANUEL',1,'DISPONÍVEL','2009-05-15 15:07:03',NULL,1),(920,1,379,196,937,1,'UMA NOVA TRAJETÓRIA',1,'DISPONÍVEL','2009-05-15 15:07:03',NULL,1),(921,53,380,239,938,1,'GRÃOS DE AMOR',1,'DISPONÍVEL','2009-05-15 15:07:03',NULL,1),(922,1,331,196,939,1,'O BRILHO DA VERDADE',2,'DISPONÍVEL','2009-05-15 15:07:03',NULL,1),(923,34,340,35,940,1,'A VIDA DE ALLAN KARDEC P/ CRIANÇAS',1,'DISPONÍVEL','2009-05-15 15:07:03',NULL,1),(924,6,4,1,941,1,'RELIGIÃO DOS ESPÍRITOS',1,'DISPONÍVEL','2009-05-15 15:07:03',NULL,1),(925,20,3,1,942,1,'TRILHAS DA LIBERTAÇÃO',1,'DISPONÍVEL','2009-05-15 15:07:03',NULL,1),(926,20,46,1,943,1,'DEPRESSÃO CURA-TE, A TI MESMO',1,'DISPONÍVEL','2009-05-15 15:07:03',NULL,1),(927,20,4,1,945,1,'CEIFA DE LUZ',1,'DISPONÍVEL','2009-05-15 15:07:03',NULL,1),(928,51,4,1,946,1,'TEMPO DE LUZ',1,'DISPONÍVEL','2009-05-15 15:07:03',NULL,1),(929,6,65,25,947,1,'OS FATOS ESPÍRITAS E AS FORÇAS X',1,'DISPONÍVEL','2009-05-15 15:07:03',NULL,1),(930,51,227,166,948,1,'CONQUISTA DE SI MESMO',1,'DISPONÍVEL','2009-05-15 15:07:03',NULL,1),(931,51,227,166,949,1,'APRENDENDO A SER',1,'DISPONÍVEL','2009-05-15 15:07:03',NULL,1),(932,51,4,166,950,1,'VISÃO NOVA',1,'DISPONÍVEL','2009-05-15 15:07:03',NULL,1),(933,51,4,111,951,1,'DOUTRINA E APLICAÇÃO',1,'DISPONÍVEL','2009-05-15 15:07:03',NULL,1),(934,41,4,25,952,1,'CONVERSA FIRME',1,'DISPONÍVEL','2009-05-15 15:07:03',NULL,1),(935,20,11,1,953,1,'A DOR DO MEU DESTINO',1,'DISPONÍVEL','2009-05-15 15:07:03',NULL,1),(936,6,69,1,954,1,'NAS FRONTEIRAS DO ALÉM',1,'DISPONÍVEL','2009-05-15 15:07:03',NULL,1),(937,51,381,126,955,1,'PRECES E MENSAGEM ESPIRITUAIS',1,'DISPONÍVEL','2009-05-15 15:07:03',NULL,1),(938,18,4,9,956,1,'VIDA E MENSAGEM',1,'DISPONÍVEL','2009-06-01 21:23:52',NULL,1),(939,41,4,143,957,1,'MOMENTO DE ENCONTRO',1,'DISPONÍVEL','2009-05-15 15:07:03',NULL,1),(940,41,382,240,958,1,'ONDE ESTA DEUS',1,'DISPONÍVEL','2009-05-15 15:07:03',NULL,1),(941,18,3,241,959,1,'HERANÇAS DO AMOR',1,'DISPONÍVEL','2009-06-01 21:23:52','0000-00-00 00:00:00',1),(942,55,383,141,960,1,'O LIVRO DE PLUTÃO',1,'DISPONÍVEL','2009-05-15 15:07:04',NULL,1),(943,55,384,242,961,1,'NOSSOS SENTIMENTOS',1,'DISPONÍVEL','2009-05-15 15:07:04',NULL,1),(944,55,385,61,962,1,'CENTELHAS DE INFINITO',1,'DISPONÍVEL','2009-05-15 15:07:04',NULL,1),(945,55,385,243,963,1,'A VIDA SECRETA DA CRIANÇA ANTES DE NASCER',1,'DISPONÍVEL','2009-05-15 15:07:04',NULL,1),(946,55,386,244,964,1,'O LIVRO DE SALMOS',1,'DISPONÍVEL','2009-05-15 15:07:04',NULL,1),(947,55,387,245,965,1,'SUGESTÕES OPORTUNAS',1,'DISPONÍVEL','2009-05-15 15:07:04',NULL,1),(948,55,119,96,966,1,'MEDITANDO COM BREIAN WEISS',1,'DISPONÍVEL','2009-05-15 15:07:04',NULL,1),(949,55,388,245,967,1,'GOTAS DE ESPERANÇA E OTIMISMO ',1,'DISPONÍVEL','2009-05-15 15:07:04',NULL,1),(950,55,389,246,968,1,'O CONSOLADOR',1,'DISPONÍVEL','2009-05-15 15:07:04',NULL,1),(951,55,390,247,969,1,'O POBRE DE DEUS',1,'DISPONÍVEL','2009-05-15 15:07:04',NULL,1),(952,9,4,1,630,1,'ALMAS EM DESFILE',2,'DISPONÍVEL','2009-05-15 15:07:04',NULL,1),(953,1,391,126,970,1,'LAGRIMAS DE ESPERANCA',1,'DISPONÍVEL','2009-05-15 15:07:04',NULL,1),(954,23,392,248,971,1,'AS CINCO PESSOAS QUE VOCE ENCONTRA NO CEU',1,'DISPONÍVEL','2009-05-15 15:07:05',NULL,1),(955,1,393,249,972,1,'RENASCER DA ESPERANCA',1,'DISPONÍVEL','2009-05-15 15:07:05',NULL,1),(956,1,7,5,973,1,'O ATEU',1,'DISPONÍVEL','2009-05-15 15:07:05',NULL,1),(957,35,25,1,974,1,'O LIVRO DOS MEDIUNS',1,'DISPONÍVEL','2009-06-01 21:00:17',NULL,1),(958,35,25,1,975,1,'A GENESE',1,'DISPONÍVEL','2009-06-01 21:00:17',NULL,1),(959,35,25,1,976,1,'O LIVRO DOS ESPIRITOS',1,'DISPONÍVEL','2009-06-01 21:00:17',NULL,1),(960,34,394,250,977,1,'O MUNDO QUE EU ENCONTREI',1,'DISPONÍVEL','2009-05-15 15:07:05','0000-00-00 00:00:00',1),(961,8,127,9,978,1,'E, PARA O RESTO DA VIDA...',2,'DISPONÍVEL','2009-06-01 21:21:44',NULL,1),(962,8,116,184,979,1,'O MENINO AMBICIOSO, O SERVO INSATISFEITO E OUTRAS HISTORIAS',1,'DISPONÍVEL','2009-05-15 15:07:05',NULL,1),(963,44,395,251,980,1,'PARA LER E RELER',1,'DISPONÍVEL','2009-06-01 21:20:13',NULL,1),(964,1,7,5,981,1,'O QUE ENCONTREI DO OUTRO LADO DA VIDA',1,'DISPONÍVEL','2009-05-15 15:07:05',NULL,1),(965,1,396,126,982,1,'A ESPADA E A FE',1,'DISPONÍVEL','2009-05-15 15:07:05',NULL,1),(966,1,269,126,983,1,'O SONHO DE UM VENCEDOR',1,'DISPONÍVEL','2009-05-15 15:07:05',NULL,1),(967,1,1,1,1,3,'RESSUREIÇÃO E VIDA',3,'DISPONÍVEL','2009-05-15 15:07:14',NULL,1),(968,1,1,1,1,2,'RESSUREIÇÃO E VIDA',3,'DISPONÍVEL','2009-05-15 15:07:14',NULL,1),(969,1,3,3,3,2,'NAS FRONTEIRA DA LOUCURA',2,'DISPONÍVEL','2009-05-15 15:07:14',NULL,1),(970,1,4,1,4,2,'AVE CRISTO',2,'DISPONÍVEL','2009-05-15 15:07:14',NULL,1),(971,1,1,1,5,2,'MEMÓRIAS DE UM SUÍCIDA',2,'DISPONÍVEL','2009-05-15 15:07:14',NULL,1),(972,1,7,5,8,2,'FILHO ADOTIVO',2,'DISPONÍVEL','2009-05-15 15:07:15',NULL,1),(973,1,8,6,9,2,'CRISTO ESPERA POR TI',2,'DISPONÍVEL','2009-05-15 15:07:15',NULL,1),(974,1,10,7,12,3,'SEARA BENDITA',3,'DISPONÍVEL','2009-05-15 15:07:15',NULL,1),(975,1,10,7,12,2,'SEARA BENDITA',3,'DISPONÍVEL','2009-05-15 15:07:15',NULL,1),(976,1,3,3,13,3,'GRILHÕES PARTIDOS',3,'DISPONÍVEL','2009-05-15 15:07:15',NULL,1),(977,1,3,3,13,2,'GRILHÕES PARTIDOS',3,'DISPONÍVEL','2009-05-15 15:07:15',NULL,1),(978,1,11,1,14,3,'APENAS UMA SOMBRA DE MULHER',3,'DISPONÍVEL','2009-05-15 15:07:15',NULL,1),(979,1,11,1,14,2,'APENAS UMA SOMBRA DE MULHER',3,'DISPONÍVEL','2009-05-15 15:07:15',NULL,1),(980,1,1,1,15,2,'O CAVALEIRO DE NUMIERS',2,'DISPONÍVEL','2009-05-15 15:07:15',NULL,1),(981,1,4,1,17,3,'LÁZARO REDIVIVO',3,'DISPONÍVEL','2009-05-15 15:07:15',NULL,1),(982,1,4,1,17,2,'LÁZARO REDIVIVO',3,'DISPONÍVEL','2009-05-15 15:07:15',NULL,1),(983,1,3,2,19,5,'NOS BATIDORES DA OBSESSÃO',5,'DISPONÍVEL','2009-05-15 15:07:15',NULL,1),(984,1,3,2,19,4,'NOS BATIDORES DA OBSESSÃO',5,'DISPONÍVEL','2009-05-15 15:07:15',NULL,1),(985,1,3,2,19,3,'NOS BATIDORES DA OBSESSÃO',5,'DISPONÍVEL','2009-05-15 15:07:15',NULL,1),(986,1,3,2,19,2,'NOS BATIDORES DA OBSESSÃO',5,'DISPONÍVEL','2009-05-15 15:07:15',NULL,1),(987,1,7,5,20,5,'VIVENDO NO MUNDO DOS ESPÍRITOS',5,'DISPONÍVEL','2009-05-15 15:07:15',NULL,1),(988,1,7,5,20,4,'VIVENDO NO MUNDO DOS ESPÍRITOS',5,'DISPONÍVEL','2009-05-15 15:07:15',NULL,1),(989,1,7,5,20,3,'VIVENDO NO MUNDO DOS ESPÍRITOS',5,'DISPONÍVEL','2009-05-15 15:07:15',NULL,1),(990,1,7,5,20,2,'VIVENDO NO MUNDO DOS ESPÍRITOS',5,'DISPONÍVEL','2009-05-15 15:07:15',NULL,1),(991,1,3,3,21,3,'PAINÉIS DA OBSESSÃO',3,'DISPONÍVEL','2009-05-15 15:07:15',NULL,1),(992,1,3,3,21,2,'PAINÉIS DA OBSESSÃO',3,'DISPONÍVEL','2009-05-15 15:07:15',NULL,1),(993,1,13,9,22,3,'AMARGO DESPERTAR',3,'DISPONÍVEL','2009-05-15 15:07:15',NULL,1),(994,1,13,9,22,2,'AMARGO DESPERTAR',3,'DISPONÍVEL','2009-05-15 15:07:15',NULL,1),(995,1,14,10,23,2,'O SEXO ALÉM DA MORTE',2,'DISPONÍVEL','2009-05-15 15:07:15',NULL,1),(996,1,15,11,24,7,'LAÇOS ETERNOS',7,'DISPONÍVEL','2009-05-15 15:07:15',NULL,1),(997,1,15,11,24,6,'LAÇOS ETERNOS',7,'DISPONÍVEL','2009-05-15 15:07:15',NULL,1),(998,1,15,11,24,5,'LAÇOS ETERNOS',7,'DISPONÍVEL','2009-05-15 15:07:15',NULL,1),(999,1,15,11,24,4,'LAÇOS ETERNOS',7,'DISPONÍVEL','2009-05-15 15:07:15',NULL,1),(1000,1,15,11,24,3,'LAÇOS ETERNOS',7,'DISPONÍVEL','2009-05-15 15:07:15',NULL,1),(1001,1,15,11,24,2,'LAÇOS ETERNOS',7,'DISPONÍVEL','2009-05-15 15:07:15',NULL,1),(1002,1,17,12,27,3,'DO OUTRO LADO',3,'DISPONÍVEL','2009-05-15 15:07:15',NULL,1),(1003,1,17,12,27,2,'DO OUTRO LADO',3,'DISPONÍVEL','2009-05-15 15:07:15',NULL,1),(1004,1,18,13,28,3,'VOLTOU MAS ESQUECEU',3,'DISPONÍVEL','2009-05-15 15:07:15',NULL,1),(1005,1,18,13,28,2,'VOLTOU MAS ESQUECEU',3,'DISPONÍVEL','2009-05-15 15:07:15',NULL,1),(1006,1,1,1,31,2,'NAS VORAGENS DO PECADO',2,'DISPONÍVEL','2009-05-15 15:07:15',NULL,1),(1007,1,20,2,32,2,'MEMÓRIAS DA LOUCURA',2,'DISPONÍVEL','2009-05-15 15:07:15',NULL,1),(1008,3,2,2,35,3,'URÂNIA',3,'DISPONÍVEL','2009-05-15 15:07:16',NULL,1),(1009,3,2,2,35,2,'URÂNIA',3,'DISPONÍVEL','2009-05-15 15:07:16',NULL,1),(1010,35,25,17,39,7,'O EVAGELHO SEGUNDO O ESPIRITISMO',7,'DISPONÍVEL','2009-06-01 21:00:17',NULL,1),(1011,35,25,17,39,6,'O EVAGELHO SEGUNDO O ESPIRITISMO',7,'DISPONÍVEL','2009-06-01 21:00:17',NULL,1),(1012,35,25,17,39,5,'O EVAGELHO SEGUNDO O ESPIRITISMO',7,'DISPONÍVEL','2009-06-01 21:00:17',NULL,1),(1013,35,25,17,39,4,'O EVAGELHO SEGUNDO O ESPIRITISMO',7,'DISPONÍVEL','2009-06-01 21:00:17',NULL,1),(1014,35,25,17,39,3,'O EVAGELHO SEGUNDO O ESPIRITISMO',7,'DISPONÍVEL','2009-06-01 21:00:17',NULL,1),(1015,35,25,17,39,2,'O EVAGELHO SEGUNDO O ESPIRITISMO',7,'DISPONÍVEL','2009-06-01 21:00:17',NULL,1),(1016,35,25,17,40,3,'A GÊNESE',3,'DISPONÍVEL','2009-06-01 21:00:17',NULL,1),(1017,35,25,17,40,2,'A GÊNESE',3,'DISPONÍVEL','2009-06-01 21:00:17',NULL,1),(1018,35,25,17,41,5,'LIVRO DOS MÉDIUNS',5,'DISPONÍVEL','2009-06-01 21:00:17',NULL,1),(1019,35,25,17,41,4,'LIVRO DOS MÉDIUNS',5,'DISPONÍVEL','2009-06-01 21:00:17',NULL,1),(1020,35,25,17,41,3,'LIVRO DOS MÉDIUNS',5,'DISPONÍVEL','2009-06-01 21:00:17',NULL,1),(1021,35,25,17,41,2,'LIVRO DOS MÉDIUNS',5,'DISPONÍVEL','2009-06-01 21:00:17',NULL,1),(1022,35,25,17,42,5,'LIVRO DOS ESPIRÍTOS',5,'DISPONÍVEL','2009-06-01 21:00:17',NULL,1),(1023,35,25,17,42,4,'LIVRO DOS ESPIRÍTOS',5,'DISPONÍVEL','2009-06-01 21:00:17',NULL,1),(1024,35,25,17,42,3,'LIVRO DOS ESPIRÍTOS',5,'DISPONÍVEL','2009-06-01 21:00:17',NULL,1),(1025,35,25,17,42,2,'LIVRO DOS ESPIRÍTOS',5,'DISPONÍVEL','2009-06-01 21:00:17',NULL,1),(1026,35,25,17,43,3,'OBRAS PÓSTUMA',3,'DISPONÍVEL','2009-06-01 21:00:17',NULL,1),(1027,35,25,17,43,2,'OBRAS PÓSTUMA',3,'DISPONÍVEL','2009-06-01 21:00:17',NULL,1),(1028,35,25,18,44,3,'O QUE É O ESPIRITISMO',3,'DISPONÍVEL','2009-06-01 21:00:17',NULL,1),(1029,35,25,18,44,2,'O QUE É O ESPIRITISMO',3,'DISPONÍVEL','2009-06-01 21:00:17',NULL,1),(1030,35,25,18,45,2,'DOUTRINA ESPIRÍTA',2,'DISPONÍVEL','2009-06-01 21:00:17',NULL,1),(1031,5,3,3,47,3,'FILIGRAMAS DE LUZ',3,'DISPONÍVEL','2009-05-15 15:07:16',NULL,1),(1032,5,3,3,47,2,'FILIGRAMAS DE LUZ',3,'DISPONÍVEL','2009-05-15 15:07:16',NULL,1),(1033,5,28,23,52,3,'LUZ NA MADRUGADA',3,'DISPONÍVEL','2009-05-15 15:07:16',NULL,1),(1034,5,28,23,52,2,'LUZ NA MADRUGADA',3,'DISPONÍVEL','2009-05-15 15:07:16',NULL,1),(1035,6,4,24,53,2,'ENCONTRO DE PAZ',2,'DISPONÍVEL','2009-05-15 15:07:16',NULL,1),(1036,5,4,24,54,2,'A VIDA CONTA',2,'DISPONÍVEL','2009-06-01 21:06:47',NULL,1),(1037,5,4,1,55,2,'PÉROLAS DO ALÉM',2,'DISPONÍVEL','2009-06-01 21:06:47',NULL,1),(1038,5,4,1,58,2,'PARNASO DE ALÉM TÚMULO',2,'DISPONÍVEL','2009-06-01 21:06:47',NULL,1),(1039,5,4,9,59,2,'COISAS DESTE MUNDO',2,'DISPONÍVEL','2009-06-01 21:06:47',NULL,1),(1040,10,4,1,67,3,'E A VIDA CONTINUA',3,'DISPONÍVEL','2009-05-15 15:07:16',NULL,1),(1041,10,4,1,67,2,'E A VIDA CONTINUA',3,'DISPONÍVEL','2009-05-15 15:07:16',NULL,1),(1042,10,3,3,69,2,'ALÉM DA MORTE',2,'DISPONÍVEL','2009-05-15 15:07:16',NULL,1),(1043,10,4,1,71,3,'VOLTEI',3,'DISPONÍVEL','2009-05-15 15:07:16',NULL,1),(1044,10,4,1,71,2,'VOLTEI',3,'DISPONÍVEL','2009-05-15 15:07:16',NULL,1),(1045,10,36,5,72,2,'COMO VIVEM OS ESPÍRITOS',2,'DISPONÍVEL','2009-05-15 15:07:17',NULL,1),(1046,10,4,1,73,3,'LIBERTAÇÃO',3,'DISPONÍVEL','2009-05-15 15:07:17',NULL,1),(1047,10,4,1,73,2,'LIBERTAÇÃO',3,'DISPONÍVEL','2009-05-15 15:07:17',NULL,1),(1048,34,37,32,74,3,'VIDA E OBRA DE DIVALDO P. FRANCO',3,'DISPONÍVEL','2009-06-01 20:56:11',NULL,1),(1049,34,37,32,74,2,'VIDA E OBRA DE DIVALDO P. FRANCO',3,'DISPONÍVEL','2009-06-01 20:56:11',NULL,1),(1050,34,38,33,75,3,'DIVALDO PEREIRA FRANCO EM UBERABA',3,'DISPONÍVEL','2009-06-01 21:09:30',NULL,1),(1051,34,38,33,75,2,'DIVALDO PEREIRA FRANCO EM UBERABA',3,'DISPONÍVEL','2009-06-01 21:09:30',NULL,1),(1052,34,39,34,76,2,'DIVALDO MÉDIUM OU GÊNIO',2,'DISPONÍVEL','2009-06-01 20:56:11',NULL,1),(1053,34,40,35,79,2,'LINDOS CASOS DE BEZERA DE MENEZES',2,'DISPONÍVEL','2009-06-01 21:09:30',NULL,1),(1054,34,14,35,80,2,'CHICO XAVIER ',2,'DISPONÍVEL','2009-06-01 20:56:11',NULL,1),(1055,34,4,25,83,2,'ENTREVISTAS',2,'DISPONÍVEL','2009-06-01 20:56:11',NULL,1),(1056,34,42,37,84,4,'NO MUNDO DE CHICO XAVIER',4,'DISPONÍVEL','2009-06-01 21:09:30',NULL,1),(1057,34,42,37,84,3,'NO MUNDO DE CHICO XAVIER',4,'DISPONÍVEL','2009-06-01 21:09:30',NULL,1),(1058,34,42,37,84,2,'NO MUNDO DE CHICO XAVIER',4,'DISPONÍVEL','2009-06-01 21:09:30',NULL,1),(1059,15,28,23,90,3,'MOTOQUEIROS NO ALÉM',3,'DISPONÍVEL','2009-05-15 15:07:17',NULL,1),(1060,15,28,23,90,2,'MOTOQUEIROS NO ALÉM',3,'DISPONÍVEL','2009-05-15 15:07:17',NULL,1),(1061,15,4,25,92,2,'COMANDO DO AMOR',2,'DISPONÍVEL','2009-05-15 15:07:17',NULL,1),(1062,15,4,25,94,2,'REENCONTROS',2,'DISPONÍVEL','2009-05-15 15:07:17',NULL,1),(1063,15,43,38,96,2,'PERDAS DE ENTES QUERIDOS',2,'DISPONÍVEL','2009-05-15 15:07:17',NULL,1),(1064,15,4,25,101,2,'VITÓRIA',2,'DISPONÍVEL','2009-05-15 15:07:17',NULL,1),(1065,15,4,41,102,2,'AMOR E LUZ',2,'DISPONÍVEL','2009-05-15 15:07:17',NULL,1),(1066,15,4,25,103,2,'ANTENAS DE LUZ',2,'DISPONÍVEL','2009-05-15 15:07:17',NULL,1),(1067,16,4,25,104,3,'BRILHE A VOSSA LUZ',3,'DISPONÍVEL','2009-05-15 15:07:17',NULL,1),(1068,16,4,25,104,2,'BRILHE A VOSSA LUZ',3,'DISPONÍVEL','2009-05-15 15:07:17',NULL,1),(1069,16,8,1,111,3,'CONDUTA ESPIRITA',3,'DISPONÍVEL','2009-05-15 15:07:17',NULL,1),(1070,16,8,1,111,2,'CONDUTA ESPIRITA',3,'DISPONÍVEL','2009-05-15 15:07:17',NULL,1),(1071,6,4,1,112,2,'AGENDA CRISTÃ',2,'DISPONÍVEL','2009-05-15 15:07:17',NULL,1),(1072,9,4,1,118,2,'CRÔNICAS DO ALÉM TÚMULO',2,'DISPONÍVEL','2009-05-15 15:07:17',NULL,1),(1073,17,53,2,121,2,'GRANDES E PEQUENOS PROBLEMAS',2,'DISPONÍVEL','2009-05-15 15:07:17',NULL,1),(1074,18,52,2,122,3,'O PROBLEMA DO SER DO DESTINO E DA DOR',3,'DISPONÍVEL','2009-05-15 15:07:17',NULL,1),(1075,18,52,2,122,2,'O PROBLEMA DO SER DO DESTINO E DA DOR',3,'DISPONÍVEL','2009-05-15 15:07:17',NULL,1),(1076,17,54,46,125,2,'MEDIUNISMO',2,'DISPONÍVEL','2009-06-01 21:11:29',NULL,1),(1077,17,4,1,126,3,'BRASIL/ CORAÇÃO DO MUNDO PÁTRIA DO EVANGELHO',3,'DISPONÍVEL','2009-06-01 21:11:29',NULL,1),(1078,17,4,1,126,2,'BRASIL/ CORAÇÃO DO MUNDO PÁTRIA DO EVANGELHO',3,'DISPONÍVEL','2009-06-01 21:11:29',NULL,1),(1079,6,3,3,128,2,'MESSE DE AMOR',2,'DISPONÍVEL','2009-05-15 15:07:17',NULL,1),(1080,6,3,33,129,3,'MOMENTOS DE DECISÃO',3,'DISPONÍVEL','2009-05-15 15:07:17',NULL,1),(1081,6,3,33,129,2,'MOMENTOS DE DECISÃO',3,'DISPONÍVEL','2009-05-15 15:07:17',NULL,1),(1082,6,57,9,131,2,'PENA DE MORTE E CRIMES HEDIONDOS',2,'DISPONÍVEL','2009-05-15 15:07:17',NULL,1),(1083,6,58,1,132,2,'PARA VIVER A GRANDE MENSAGEM',2,'DISPONÍVEL','2009-05-15 15:07:18',NULL,1),(1084,6,3,33,135,2,'TERAPÊUTICA DE EMERGENCIA',2,'DISPONÍVEL','2009-05-15 15:07:18',NULL,1),(1085,6,58,52,142,4,'QUEM TEM MEDO DA MORTE',4,'DISPONÍVEL','2009-05-15 15:07:18',NULL,1),(1086,6,58,52,142,3,'QUEM TEM MEDO DA MORTE',4,'DISPONÍVEL','2009-05-15 15:07:18',NULL,1),(1087,6,58,52,142,2,'QUEM TEM MEDO DA MORTE',4,'DISPONÍVEL','2009-05-15 15:07:18',NULL,1),(1088,16,8,53,143,2,'TÉCNICA DE VIVER',2,'DISPONÍVEL','2009-05-15 15:07:18',NULL,1),(1089,6,8,54,144,2,'SEAREIRO DE VOLTA',2,'DISPONÍVEL','2009-05-15 15:07:18',NULL,1),(1090,6,62,2,145,2,'A VIDA EM FAMÍLIA',2,'DISPONÍVEL','2009-05-15 15:07:18',NULL,1),(1091,6,58,52,148,2,'A CONSTITUIÇÃO DIVINA',2,'DISPONÍVEL','2009-05-15 15:07:18',NULL,1),(1092,6,4,1,149,2,'LUZ NO LAR',2,'DISPONÍVEL','2009-05-15 15:07:18',NULL,1),(1093,10,4,1,150,2,'OS MENSAGEIROS',2,'DISPONÍVEL','2009-05-15 15:07:18',NULL,1),(1094,6,4,40,152,3,'MAIS LUZ',3,'DISPONÍVEL','2009-05-15 15:07:18',NULL,1),(1095,6,4,40,152,2,'MAIS LUZ',3,'DISPONÍVEL','2009-05-15 15:07:18',NULL,1),(1096,6,3,1,153,2,'TEMAS DA VIDA E DA MORTE',2,'DISPONÍVEL','2009-05-15 15:07:18',NULL,1),(1097,6,4,1,154,2,'ENCONTRO MARCADO',2,'DISPONÍVEL','2009-05-15 15:07:18',NULL,1),(1098,6,4,56,155,2,'INSTRUMENTO DO TEMPO',2,'DISPONÍVEL','2009-05-15 15:07:18',NULL,1),(1099,6,4,1,158,3,'ROTEIRO',3,'DISPONÍVEL','2009-05-15 15:07:18',NULL,1),(1100,6,4,1,158,2,'ROTEIRO',3,'DISPONÍVEL','2009-05-15 15:07:18',NULL,1),(1101,6,3,33,160,3,'DEPOIMENTOS VIVOS',3,'DISPONÍVEL','2009-05-15 15:07:18',NULL,1),(1102,6,3,33,160,2,'DEPOIMENTOS VIVOS',3,'DISPONÍVEL','2009-05-15 15:07:18',NULL,1),(1103,6,3,33,163,2,'LEGADO KARDEQUIANO',2,'DISPONÍVEL','2009-05-15 15:07:18',NULL,1),(1104,6,1,57,165,3,'CÂNTICOS DO CORAÇÃO (VI E VII',3,'DISPONÍVEL','2009-05-15 15:07:18',NULL,1),(1105,6,1,57,165,2,'CÂNTICOS DO CORAÇÃO (VI E VII',3,'DISPONÍVEL','2009-05-15 15:07:18',NULL,1),(1106,6,3,25,166,3,'FLORILÉGIOS ESPIRITUAIS',3,'DISPONÍVEL','2009-05-15 15:07:18',NULL,1),(1107,6,3,25,166,2,'FLORILÉGIOS ESPIRITUAIS',3,'DISPONÍVEL','2009-05-15 15:07:18',NULL,1),(1108,6,3,33,167,3,'ESPÍRITO E VIDA',3,'DISPONÍVEL','2009-05-15 15:07:18',NULL,1),(1109,6,3,33,167,2,'ESPÍRITO E VIDA',3,'DISPONÍVEL','2009-05-15 15:07:18',NULL,1),(1110,6,4,24,171,2,'PAZ E RENOVAÇÃO',2,'DISPONÍVEL','2009-05-15 15:07:18',NULL,1),(1111,2,4,1,176,2,'PÃO NOSSO',2,'DISPONÍVEL','2009-05-15 15:07:18',NULL,1),(1112,1,3,33,178,2,'DO ABISMO ÀS ESTRELAS',2,'DISPONÍVEL','2009-05-15 15:07:18',NULL,1),(1113,18,3,59,180,4,'DIRETRIZES DE SEGURANÇA',4,'DISPONÍVEL','2009-05-15 15:07:18',NULL,1),(1114,18,3,59,180,3,'DIRETRIZES DE SEGURANÇA',4,'DISPONÍVEL','2009-05-15 15:07:18',NULL,1),(1115,18,3,59,180,2,'DIRETRIZES DE SEGURANÇA',4,'DISPONÍVEL','2009-05-15 15:07:18',NULL,1),(1116,18,4,1,181,2,'MECANISMO DA MEDIUNIDADE',2,'DISPONÍVEL','2009-05-15 15:07:18',NULL,1),(1117,18,66,1,182,2,'OBESESSÃO E DESOBESSÃO',2,'DISPONÍVEL','2009-05-15 15:07:18',NULL,1),(1118,18,4,1,183,3,'DESOBSESSÃO',3,'DISPONÍVEL','2009-05-15 15:07:18',NULL,1),(1119,18,4,1,183,2,'DESOBSESSÃO',3,'DISPONÍVEL','2009-05-15 15:07:19',NULL,1),(1120,18,1,1,187,2,'DESVENTANDO O INVISÍVEL',2,'DISPONÍVEL','2009-05-15 15:07:19',NULL,1),(1121,17,52,2,188,3,'NO INVISÍVEL',3,'DISPONÍVEL','2009-05-15 15:07:19',NULL,1),(1122,17,52,2,188,2,'NO INVISÍVEL',3,'DISPONÍVEL','2009-05-15 15:07:19',NULL,1),(1123,18,69,33,189,2,'HISTORIA QUE OS ESPÍRITOS CONTARAM',2,'DISPONÍVEL','2009-05-15 15:07:19',NULL,1),(1124,6,3,33,194,2,'PRIMÍCIAS DO RUMO',2,'DISPONÍVEL','2009-05-15 15:07:19',NULL,1),(1125,2,4,1,195,3,'VINHA DE LUZ',3,'DISPONÍVEL','2009-05-15 15:07:19',NULL,1),(1126,2,4,1,195,2,'VINHA DE LUZ',3,'DISPONÍVEL','2009-05-15 15:07:19',NULL,1),(1127,16,3,33,196,2,'GLOSSÁRIO, ESPÍRITA CRISTÃO',2,'DISPONÍVEL','2009-05-15 15:07:19',NULL,1),(1128,6,3,62,197,2,'REPOSITÓRIO DE SABEDORIA',2,'DISPONÍVEL','2009-05-15 15:07:19',NULL,1),(1129,5,50,63,199,2,'ROSA IMORTAL',2,'DISPONÍVEL','2009-05-15 15:07:19',NULL,1),(1130,10,4,1,202,2,'NOSSO LAR',2,'DISPONÍVEL','2009-05-15 15:07:19',NULL,1),(1131,10,72,64,203,2,'UM JARDIM DE ESPERANÇA',2,'DISPONÍVEL','2009-05-15 15:07:19',NULL,1),(1132,6,3,65,204,2,'LEIS MORAIS',2,'DISPONÍVEL','2009-05-15 15:07:19',NULL,1),(1133,6,4,25,205,2,'MÃOS MARCADAS',2,'DISPONÍVEL','2009-05-15 15:07:19',NULL,1),(1134,1,7,5,206,3,'ACONTECEU',3,'DISPONÍVEL','2009-05-15 15:07:19',NULL,1),(1135,1,7,5,206,2,'ACONTECEU',3,'DISPONÍVEL','2009-05-15 15:07:19',NULL,1),(1136,1,3,31,207,3,'ÁRDUA ASCESÃO',3,'DISPONÍVEL','2009-05-15 15:07:19',NULL,1),(1137,1,3,31,207,2,'ÁRDUA ASCESÃO',3,'DISPONÍVEL','2009-05-15 15:07:19',NULL,1),(1138,1,4,1,209,4,'50 ANOS DEPOIS',4,'DISPONÍVEL','2009-05-15 15:07:19',NULL,1),(1139,1,4,1,209,3,'50 ANOS DEPOIS',4,'DISPONÍVEL','2009-05-15 15:07:19',NULL,1),(1140,1,4,1,209,2,'50 ANOS DEPOIS',4,'DISPONÍVEL','2009-05-15 15:07:19',NULL,1),(1141,1,15,11,210,3,'SOMOS TODOS INOCENTES',3,'DISPONÍVEL','2009-05-15 15:07:19',NULL,1),(1142,1,15,11,210,2,'SOMOS TODOS INOCENTES',3,'DISPONÍVEL','2009-05-15 15:07:19',NULL,1),(1143,1,17,12,211,5,'BAIRRO DOS ESTRANHOS',5,'DISPONÍVEL','2009-05-15 15:07:19',NULL,1),(1144,1,17,12,211,4,'BAIRRO DOS ESTRANHOS',5,'DISPONÍVEL','2009-05-15 15:07:19',NULL,1),(1145,1,17,12,211,3,'BAIRRO DOS ESTRANHOS',5,'DISPONÍVEL','2009-05-15 15:07:19',NULL,1),(1146,1,17,12,211,2,'BAIRRO DOS ESTRANHOS',5,'DISPONÍVEL','2009-05-15 15:07:19',NULL,1),(1147,10,72,67,212,2,'NA ESPERANÇA DE UMA NOVA VIDA',2,'DISPONÍVEL','2009-05-15 15:07:19',NULL,1),(1148,20,79,72,218,2,'MEMORIA DE UM MÉDIUM',2,'DISPONÍVEL','2009-05-15 15:07:19',NULL,1),(1149,1,7,5,226,2,'REPARANDO ERROS',2,'DISPONÍVEL','2009-05-15 15:07:19',NULL,1),(1150,6,47,75,228,4,'NÓS ABORTAMOS',4,'DISPONÍVEL','2009-05-15 15:07:19',NULL,1),(1151,6,47,75,228,3,'NÓS ABORTAMOS',4,'DISPONÍVEL','2009-05-15 15:07:19',NULL,1),(1152,6,47,75,228,2,'NÓS ABORTAMOS',4,'DISPONÍVEL','2009-05-15 15:07:19',NULL,1),(1153,17,47,75,230,2,'AFOGADOS',2,'DISPONÍVEL','2009-05-15 15:07:19',NULL,1),(1154,20,85,62,233,2,'POEMAS E CARTAS DE JOVEM POETA',2,'DISPONÍVEL','2009-05-15 15:07:19',NULL,1),(1155,23,90,46,239,2,'A VOZ DO SILENCIO',2,'DISPONÍVEL','2009-05-15 15:07:19',NULL,1),(1156,23,97,82,247,2,'CONSTRUIR O HOMEM E O MUNDO',2,'DISPONÍVEL','2009-05-15 15:07:20',NULL,1),(1157,3,4,1,252,2,'EVOLUÇÃO EM DOIS MUNDOS',2,'DISPONÍVEL','2009-05-15 15:07:20',NULL,1),(1158,23,102,70,253,2,'MÃOS DE LUZ',2,'DISPONÍVEL','2009-05-15 15:07:20',NULL,1),(1159,20,108,15,259,2,'ESPÍRITOS REBELDES',2,'DISPONÍVEL','2009-05-15 15:07:20',NULL,1),(1160,17,52,2,265,2,'CRISTIANISMO E ESPIRITISMO',2,'DISPONÍVEL','2009-05-15 15:07:20',NULL,1),(1161,1,46,12,267,2,'LIBERTAÇÃO',2,'DISPONÍVEL','2009-05-15 15:07:20',NULL,1),(1162,2,4,1,268,5,'CAMINHO, VERDADE E VIDA',5,'DISPONÍVEL','2009-05-15 15:07:20',NULL,1),(1163,2,4,1,268,4,'CAMINHO, VERDADE E VIDA',5,'DISPONÍVEL','2009-05-15 15:07:20',NULL,1),(1164,2,4,1,268,3,'CAMINHO, VERDADE E VIDA',5,'DISPONÍVEL','2009-05-15 15:07:20',NULL,1),(1165,2,4,1,268,2,'CAMINHO, VERDADE E VIDA',5,'DISPONÍVEL','2009-05-15 15:07:20',NULL,1),(1166,2,4,1,272,3,'FONTE VIVA',3,'DISPONÍVEL','2009-05-15 15:07:20',NULL,1),(1167,2,4,1,272,2,'FONTE VIVA',3,'DISPONÍVEL','2009-05-15 15:07:20',NULL,1),(1168,6,3,93,273,2,'AUTODESCOBRIMENTO',2,'DISPONÍVEL','2009-05-15 15:07:20',NULL,1),(1169,16,4,94,274,3,'BUSCA E ACHARÁS',3,'DISPONÍVEL','2009-05-15 15:07:20',NULL,1),(1170,16,4,94,274,2,'BUSCA E ACHARÁS',3,'DISPONÍVEL','2009-05-15 15:07:20',NULL,1),(1171,1,15,11,276,3,'QUANDO A VIDA ESCOLHE',3,'DISPONÍVEL','2009-05-15 15:07:20',NULL,1),(1172,1,15,11,276,2,'QUANDO A VIDA ESCOLHE',3,'DISPONÍVEL','2009-05-15 15:07:20',NULL,1),(1173,9,15,11,277,2,'VOLTAS QUE A VIDA DÁ',2,'DISPONÍVEL','2009-05-15 15:07:20',NULL,1),(1174,10,7,5,278,4,'VÔO DA GAIVOTA',4,'DISPONÍVEL','2009-05-15 15:07:20',NULL,1),(1175,10,7,5,278,3,'VÔO DA GAIVOTA',4,'DISPONÍVEL','2009-05-15 15:07:20',NULL,1),(1176,10,7,5,278,2,'VÔO DA GAIVOTA',4,'DISPONÍVEL','2009-05-15 15:07:20',NULL,1),(1177,10,4,25,281,4,'CIDADE NO ALÉM',4,'DISPONÍVEL','2009-05-15 15:07:20',NULL,1),(1178,10,4,25,281,3,'CIDADE NO ALÉM',4,'DISPONÍVEL','2009-05-15 15:07:20',NULL,1),(1179,10,4,25,281,2,'CIDADE NO ALÉM',4,'DISPONÍVEL','2009-05-15 15:07:20',NULL,1),(1180,1,46,12,286,4,'SENZALA',4,'DISPONÍVEL','2009-05-15 15:07:20',NULL,1),(1181,1,46,12,286,3,'SENZALA',4,'DISPONÍVEL','2009-05-15 15:07:20',NULL,1),(1182,1,46,12,286,2,'SENZALA',4,'DISPONÍVEL','2009-05-15 15:07:20',NULL,1),(1183,35,25,17,288,3,'O CÉU E O INFERNO',3,'DISPONÍVEL','2009-06-01 21:00:17',NULL,1),(1184,35,25,17,288,2,'O CÉU E O INFERNO',3,'DISPONÍVEL','2009-06-01 21:00:17',NULL,1),(1185,6,118,31,289,2,'A FORÇA DA MENTE',2,'DISPONÍVEL','2009-05-15 15:07:20',NULL,1),(1186,23,119,96,290,2,'SÓ O AMOR É REAL',2,'DISPONÍVEL','2009-05-15 15:07:20',NULL,1),(1187,15,43,35,293,2,'CORREIO DE LUZ',2,'DISPONÍVEL','2009-05-15 15:07:20',NULL,1),(1188,10,7,5,297,5,'A CASA DO ESCRITOR',5,'DISPONÍVEL','2009-05-15 15:07:20',NULL,1),(1189,10,7,5,297,4,'A CASA DO ESCRITOR',5,'DISPONÍVEL','2009-05-15 15:07:20',NULL,1),(1190,10,7,5,297,3,'A CASA DO ESCRITOR',5,'DISPONÍVEL','2009-05-15 15:07:20',NULL,1),(1191,10,7,5,297,2,'A CASA DO ESCRITOR',5,'DISPONÍVEL','2009-05-15 15:07:20',NULL,1),(1192,1,15,11,298,4,'A VERDADE DE CADA UM',4,'DISPONÍVEL','2009-05-15 15:07:20',NULL,1),(1193,1,15,11,298,3,'A VERDADE DE CADA UM',4,'DISPONÍVEL','2009-05-15 15:07:21',NULL,1),(1194,1,15,11,298,2,'A VERDADE DE CADA UM',4,'DISPONÍVEL','2009-05-15 15:07:21',NULL,1),(1195,18,123,98,302,2,'MÉDIUM QUEM É QUEM NÃO É',2,'DISPONÍVEL','2009-05-15 15:07:21',NULL,1),(1196,6,4,1,306,3,'VIDA E SEXO',3,'DISPONÍVEL','2009-05-15 15:07:21',NULL,1),(1197,6,4,1,306,2,'VIDA E SEXO',3,'DISPONÍVEL','2009-05-15 15:07:21',NULL,1),(1198,18,59,1,309,3,'MEDIUNIDADE E EVOLUÇÃO',3,'DISPONÍVEL','2009-05-15 15:07:21',NULL,1),(1199,18,59,1,309,2,'MEDIUNIDADE E EVOLUÇÃO',3,'DISPONÍVEL','2009-05-15 15:07:21',NULL,1),(1200,16,4,1,310,3,'ABRIGO',3,'DISPONÍVEL','2009-05-15 15:07:21',NULL,1),(1201,16,4,1,310,2,'ABRIGO',3,'DISPONÍVEL','2009-05-15 15:07:21',NULL,1),(1202,8,4,25,311,2,'PAI NOSSO',2,'DISPONÍVEL','2009-05-15 15:07:21',NULL,1),(1203,34,125,80,313,2,'BEZERRA DE MENEZES',2,'DISPONÍVEL','2009-06-01 21:09:30',NULL,1),(1204,1,61,31,317,3,'MEMÓRIAS DO PADRE GERMANO',3,'DISPONÍVEL','2009-05-15 15:07:21',NULL,1),(1205,1,61,31,317,2,'MEMÓRIAS DO PADRE GERMANO',3,'DISPONÍVEL','2009-05-15 15:07:21',NULL,1),(1206,1,3,16,321,2,'SUBLIME EXPIAÇÃO',2,'DISPONÍVEL','2009-05-15 15:07:21',NULL,1),(1207,1,3,16,322,2,'LOUCURA E OBSESSÃO',2,'DISPONÍVEL','2009-05-15 15:07:21',NULL,1),(1208,10,4,1,323,2,'ENTRE A TERRA E O CÉU',2,'DISPONÍVEL','2009-05-15 15:07:21',NULL,1),(1209,10,4,1,324,4,'MISSIONÁRIOS DE LUZ',4,'DISPONÍVEL','2009-05-15 15:07:21',NULL,1),(1210,10,4,1,324,3,'MISSIONÁRIOS DE LUZ',4,'DISPONÍVEL','2009-05-15 15:07:21',NULL,1),(1211,10,4,1,324,2,'MISSIONÁRIOS DE LUZ',4,'DISPONÍVEL','2009-05-15 15:07:21',NULL,1),(1212,10,4,1,326,3,'AÇÃO E REAÇÃO',3,'DISPONÍVEL','2009-05-15 15:07:21',NULL,1),(1213,10,4,1,326,2,'AÇÃO E REAÇÃO',3,'DISPONÍVEL','2009-05-15 15:07:21',NULL,1),(1214,18,66,33,334,5,'O SEMEADOR DE ESTRELAS',5,'DISPONÍVEL','2009-05-15 15:07:21',NULL,1),(1215,18,66,33,334,4,'O SEMEADOR DE ESTRELAS',5,'DISPONÍVEL','2009-05-15 15:07:21',NULL,1),(1216,18,66,33,334,3,'O SEMEADOR DE ESTRELAS',5,'DISPONÍVEL','2009-05-15 15:07:21',NULL,1),(1217,18,66,33,334,2,'O SEMEADOR DE ESTRELAS',5,'DISPONÍVEL','2009-05-15 15:07:21',NULL,1),(1218,6,47,42,340,2,'REPARANDO FALTAS',2,'DISPONÍVEL','2009-05-15 15:07:21',NULL,1),(1219,18,4,1,341,3,'NOS DOMINGOS DA MEDIUNIDADE',3,'DISPONÍVEL','2009-05-15 15:07:21',NULL,1),(1220,18,4,1,341,2,'NOS DOMINGOS DA MEDIUNIDADE',3,'DISPONÍVEL','2009-05-15 15:07:21',NULL,1),(1221,9,139,1,347,2,'A MÃE QUE DESISTIU DO CÉU',2,'DISPONÍVEL','2009-05-15 15:07:21',NULL,1),(1222,10,116,9,349,3,'PERANTE DEUS',3,'DISPONÍVEL','2009-05-15 15:07:21',NULL,1),(1223,10,116,9,349,2,'PERANTE DEUS',3,'DISPONÍVEL','2009-05-15 15:07:21',NULL,1),(1224,1,58,103,350,2,'O VASO DE PORCELANA',2,'DISPONÍVEL','2009-05-15 15:07:21',NULL,1),(1225,1,11,1,356,2,'ALGUÉM CHORA POR MIM',2,'DISPONÍVEL','2009-05-15 15:07:21',NULL,1),(1226,34,144,2,358,2,'RENOIR E VOCÊ',2,'DISPONÍVEL','2009-06-01 20:56:11',NULL,1),(1227,1,15,11,362,4,'PELAS PORTAS DO CORAÇÃO',4,'DISPONÍVEL','2009-05-15 15:07:22',NULL,1),(1228,1,15,11,362,3,'PELAS PORTAS DO CORAÇÃO',4,'DISPONÍVEL','2009-05-15 15:07:22',NULL,1),(1229,1,15,11,362,2,'PELAS PORTAS DO CORAÇÃO',4,'DISPONÍVEL','2009-05-15 15:07:22',NULL,1),(1230,1,15,11,363,3,'ESMERALDA',3,'DISPONÍVEL','2009-05-15 15:07:22',NULL,1),(1231,1,15,11,363,2,'ESMERALDA',3,'DISPONÍVEL','2009-05-15 15:07:22',NULL,1),(1232,1,7,5,375,2,'RECONCILIAÇÃO',2,'DISPONÍVEL','2009-05-15 15:07:22',NULL,1),(1233,18,59,1,378,3,'ESTUDANDO O EVANGELHO',3,'DISPONÍVEL','2009-05-15 15:07:22',NULL,1),(1234,18,59,1,378,2,'ESTUDANDO O EVANGELHO',3,'DISPONÍVEL','2009-05-15 15:07:22',NULL,1),(1235,9,139,111,383,2,'OS MORTOS ACORDAM VIVOS',2,'DISPONÍVEL','2009-05-15 15:07:22',NULL,1),(1236,6,4,24,390,2,'OPINIÃO ESPÍRITA',2,'DISPONÍVEL','2009-05-15 15:07:22',NULL,1),(1237,1,4,1,402,6,'HÁ 2000 ANOS',6,'DISPONÍVEL','2009-05-15 15:07:22',NULL,1),(1238,1,4,1,402,5,'HÁ 2000 ANOS',6,'DISPONÍVEL','2009-05-15 15:07:22',NULL,1),(1239,1,4,1,402,4,'HÁ 2000 ANOS',6,'DISPONÍVEL','2009-05-15 15:07:22',NULL,1),(1240,1,4,1,402,3,'HÁ 2000 ANOS',6,'DISPONÍVEL','2009-05-15 15:07:22',NULL,1),(1241,1,4,1,402,2,'HÁ 2000 ANOS',6,'DISPONÍVEL','2009-05-15 15:07:22',NULL,1),(1242,10,72,117,403,2,'NA HORA DO ADEUS',2,'DISPONÍVEL','2009-05-15 15:07:22',NULL,1),(1243,6,162,59,405,2,'CANTICO DA JUVENTUDE',2,'DISPONÍVEL','2009-05-15 15:07:22',NULL,1),(1244,34,163,119,406,2,'UM MINUTO COM CHICO XAVIER',2,'DISPONÍVEL','2009-06-01 20:56:11',NULL,1),(1245,15,4,33,408,2,'E O AMOR CONTINUA',2,'DISPONÍVEL','2009-05-15 15:07:22',NULL,1),(1246,1,7,5,421,2,'COPOS QUE ANDAM',2,'DISPONÍVEL','2009-05-15 15:07:22',NULL,1),(1247,1,7,5,423,2,'CATIVOS E LIBERTOS',2,'DISPONÍVEL','2009-05-15 15:07:22',NULL,1),(1248,1,7,5,424,7,'VIOLETAS NA JANELA',7,'DISPONÍVEL','2009-05-15 15:07:22',NULL,1),(1249,1,7,5,424,6,'VIOLETAS NA JANELA',7,'DISPONÍVEL','2009-05-15 15:07:22',NULL,1),(1250,1,7,5,424,5,'VIOLETAS NA JANELA',7,'DISPONÍVEL','2009-05-15 15:07:22',NULL,1),(1251,1,7,5,424,4,'VIOLETAS NA JANELA',7,'DISPONÍVEL','2009-05-15 15:07:22',NULL,1),(1252,1,7,5,424,3,'VIOLETAS NA JANELA',7,'DISPONÍVEL','2009-05-15 15:07:22',NULL,1),(1253,1,7,5,424,2,'VIOLETAS NA JANELA',7,'DISPONÍVEL','2009-05-15 15:07:22',NULL,1),(1254,6,69,125,429,2,'NOSSOS FILHOS SÃO ESPÍRITOS',2,'DISPONÍVEL','2009-05-15 15:07:22',NULL,1),(1255,10,72,31,432,2,'O VOÔ MAIS ALLTO',2,'DISPONÍVEL','2009-05-15 15:07:22',NULL,1),(1256,6,58,1,446,2,'A VOZ DO MONTE',2,'DISPONÍVEL','2009-05-15 15:07:22',NULL,1),(1257,18,173,1,448,2,'PASSES E CURAS ESPIRITUAIS',2,'DISPONÍVEL','2009-05-15 15:07:22',NULL,1),(1258,23,177,128,452,2,'DOS FARAÓS À FÍSICA QUÂNTICA',2,'DISPONÍVEL','2009-05-15 15:07:22',NULL,1),(1259,1,11,1,461,2,'UMA LUZ NO MEU CAMINHO',2,'DISPONÍVEL','2009-05-15 15:07:22',NULL,1),(1260,1,6,1,464,3,'O CHANCELER DE FERRO',3,'DISPONÍVEL','2009-05-15 15:07:22',NULL,1),(1261,1,6,1,464,2,'O CHANCELER DE FERRO',3,'DISPONÍVEL','2009-05-15 15:07:22',NULL,1),(1262,1,17,12,466,2,'O SENHOR DAS TERRAS',2,'DISPONÍVEL','2009-05-15 15:07:23',NULL,1),(1263,1,16,1,467,2,'LÍDIA',2,'DISPONÍVEL','2009-05-15 15:07:23',NULL,1),(1264,1,6,1,468,2,'A VINGANÇA DO JUDEU',2,'DISPONÍVEL','2009-05-15 15:07:23',NULL,1),(1265,23,182,15,470,2,'ILUSÕES',2,'DISPONÍVEL','2009-05-15 15:07:23',NULL,1),(1266,10,72,134,471,2,'OS MIOSÓTES VOLTAM A FLORIR',2,'DISPONÍVEL','2009-05-15 15:07:23',NULL,1),(1267,1,4,1,472,3,'PAULO E ESTEVÃO',3,'DISPONÍVEL','2009-05-15 15:07:23',NULL,1),(1268,1,4,1,472,2,'PAULO E ESTEVÃO',3,'DISPONÍVEL','2009-05-15 15:07:23',NULL,1),(1269,1,17,12,474,3,'O CAMAFEU',3,'DISPONÍVEL','2009-05-15 15:07:23',NULL,1),(1270,1,17,12,474,2,'O CAMAFEU',3,'DISPONÍVEL','2009-05-15 15:07:23',NULL,1),(1271,2,184,135,475,3,'RENOVANDO ATITUDES',3,'DISPONÍVEL','2009-05-15 15:07:23',NULL,1),(1272,2,184,135,475,2,'RENOVANDO ATITUDES',3,'DISPONÍVEL','2009-05-15 15:07:23',NULL,1),(1273,2,184,135,477,3,'AS DORES DA LAMA',3,'DISPONÍVEL','2009-05-15 15:07:23',NULL,1),(1274,2,184,135,477,2,'AS DORES DA LAMA',3,'DISPONÍVEL','2009-05-15 15:07:23',NULL,1),(1275,1,186,1,479,2,'A FORÇA DO DESTINO',2,'DISPONÍVEL','2009-05-15 15:07:23',NULL,1),(1276,1,187,136,481,2,'TRAGETÓRIA DE UMA ALMA',2,'DISPONÍVEL','2009-05-15 15:07:23',NULL,1),(1277,10,188,122,482,3,'INTERCAMBIO',3,'DISPONÍVEL','2009-06-01 21:32:36',NULL,1),(1278,10,188,122,482,2,'INTERCAMBIO',3,'DISPONÍVEL','2009-06-01 21:32:36',NULL,1),(1279,17,139,35,491,2,'O PROFESSOR DE ZURIQUE',2,'DISPONÍVEL','2009-06-01 21:11:29',NULL,1),(1280,1,15,16,495,3,'ENTRE O AMOR E A GUERRA',3,'DISPONÍVEL','2009-05-15 15:07:23',NULL,1),(1281,1,15,16,495,2,'ENTRE O AMOR E A GUERRA',3,'DISPONÍVEL','2009-05-15 15:07:23',NULL,1),(1282,18,56,4,497,2,'A DELICADA QUESTÃO DA VIDA',2,'DISPONÍVEL','2009-05-15 15:07:23',NULL,1),(1283,6,4,24,501,2,'LIVRO DA ESPERANÇA',2,'DISPONÍVEL','2009-05-15 15:07:23',NULL,1),(1284,2,4,24,502,2,'PALAVRAS DA VIDA ETERNA',2,'DISPONÍVEL','2009-05-15 15:07:23',NULL,1),(1285,10,4,35,504,2,'PALAVRAS DO INFINITO',2,'DISPONÍVEL','2009-05-15 15:07:23',NULL,1),(1286,15,4,25,505,2,'LEADADE',2,'DISPONÍVEL','2009-05-15 15:07:23',NULL,1),(1287,15,4,25,508,2,'ENXUGANDO LÁGRIMAS',2,'DISPONÍVEL','2009-05-15 15:07:23',NULL,1),(1288,1,193,147,515,3,'CHÃO DE ESTRELAS',3,'DISPONÍVEL','2009-05-15 15:07:23',NULL,1),(1289,1,193,147,515,2,'CHÃO DE ESTRELAS',3,'DISPONÍVEL','2009-05-15 15:07:23',NULL,1),(1290,2,116,9,516,3,'A ETERNA MENSAGEM DO MONTE',3,'DISPONÍVEL','2009-05-15 15:07:23',NULL,1),(1291,2,116,9,516,2,'A ETERNA MENSAGEM DO MONTE',3,'DISPONÍVEL','2009-05-15 15:07:23',NULL,1),(1292,10,72,134,517,2,'DOIS MUNDOS TÃO MEUS',2,'DISPONÍVEL','2009-05-15 15:07:23',NULL,1),(1293,23,119,96,519,2,'A CURA ATRAVÉS DA TERAPIA DE VIDAS PASSADAS',2,'DISPONÍVEL','2009-05-15 15:07:23',NULL,1),(1294,1,197,9,522,2,'O SEQUESTRO',2,'DISPONÍVEL','2009-05-15 15:07:24',NULL,1),(1295,6,200,150,525,2,'ESPIRITISMO E AS IGREJAS REFORMADAS',2,'DISPONÍVEL','2009-05-15 15:07:24',NULL,1),(1296,6,202,151,530,2,'ESCALADA DE LUZ',2,'DISPONÍVEL','2009-05-15 15:07:24',NULL,1),(1297,6,162,59,531,2,'VEREDA FAMILIAR',2,'DISPONÍVEL','2009-05-15 15:07:24',NULL,1),(1298,1,208,147,546,2,'MARCAS DO AMOR',2,'DISPONÍVEL','2009-05-15 15:07:24',NULL,1),(1299,17,184,135,549,2,'CONVIVER E MELHORAR',2,'DISPONÍVEL','2009-05-15 15:07:24',NULL,1),(1300,6,210,147,550,2,'UM DESAFIO CHAMADO FAMILIA',2,'DISPONÍVEL','2009-05-15 15:07:24',NULL,1),(1301,1,4,1,552,3,'RENUNCIA',3,'DISPONÍVEL','2009-05-15 15:07:24',NULL,1),(1302,1,4,1,552,2,'RENUNCIA',3,'DISPONÍVEL','2009-05-15 15:07:24',NULL,1),(1303,1,116,9,553,3,'PERDOA',3,'DISPONÍVEL','2009-05-15 15:07:24',NULL,1),(1304,1,116,9,553,2,'PERDOA',3,'DISPONÍVEL','2009-05-15 15:07:24',NULL,1),(1305,1,116,135,554,5,'DE VOLTA AO PASSADO',5,'DISPONÍVEL','2009-05-15 15:07:24',NULL,1),(1306,1,116,135,554,4,'DE VOLTA AO PASSADO',5,'DISPONÍVEL','2009-05-15 15:07:24',NULL,1),(1307,1,116,135,554,3,'DE VOLTA AO PASSADO',5,'DISPONÍVEL','2009-05-15 15:07:24',NULL,1),(1308,1,116,135,554,2,'DE VOLTA AO PASSADO',5,'DISPONÍVEL','2009-05-15 15:07:24',NULL,1),(1309,1,116,9,555,2,'MANSÃO DOS LILASES',2,'DISPONÍVEL','2009-05-15 15:07:24',NULL,1),(1310,6,212,90,558,2,'HERANÇA DO PECADO',2,'DISPONÍVEL','2009-05-15 15:07:24',NULL,1),(1311,1,216,90,565,2,'RETALHOS DA VIDA',2,'DISPONÍVEL','2009-05-15 15:07:24',NULL,1),(1312,10,7,5,569,3,'DEFICIENTE MENTAL',3,'DISPONÍVEL','2009-05-15 15:07:24',NULL,1),(1313,10,7,5,569,2,'DEFICIENTE MENTAL',3,'DISPONÍVEL','2009-05-15 15:07:24',NULL,1),(1314,15,4,40,586,2,'SOMOS SEIS',2,'DISPONÍVEL','2009-05-15 15:07:24',NULL,1),(1315,16,4,94,587,3,'AGORA É O TEMPO',3,'DISPONÍVEL','2009-05-15 15:07:24',NULL,1),(1316,16,4,94,587,2,'AGORA É O TEMPO',3,'DISPONÍVEL','2009-05-15 15:07:24',NULL,1),(1317,2,72,169,590,2,'AMIGO E MESTRE',2,'DISPONÍVEL','2009-05-15 15:07:24',NULL,1),(1318,10,72,134,591,2,'LIRÍOS COLHIDOS',2,'DISPONÍVEL','2009-05-15 15:07:24',NULL,1),(1319,20,12,126,598,3,'MARCAS DO PASSADO',3,'DISPONÍVEL','2009-05-15 15:07:24',NULL,1),(1320,20,12,126,598,2,'MARCAS DO PASSADO',3,'DISPONÍVEL','2009-05-15 15:07:24',NULL,1),(1321,1,15,172,599,3,'ESPINHO DO TEMPO',3,'DISPONÍVEL','2009-05-15 15:07:24',NULL,1),(1322,1,15,172,599,2,'ESPINHO DO TEMPO',3,'DISPONÍVEL','2009-05-15 15:07:24',NULL,1),(1323,18,139,9,601,2,'VOCÊ E A MEDIUNIDADE',2,'DISPONÍVEL','2009-05-15 15:07:25',NULL,1),(1324,6,227,166,604,2,'NA LUTA DO COTIDIANO, A FORÇA DO AMOR',2,'DISPONÍVEL','2009-05-15 15:07:25',NULL,1),(1325,1,116,9,615,2,'EM BUSCA DA ILUSÃO',2,'DISPONÍVEL','2009-05-15 15:07:25',NULL,1),(1326,15,4,25,616,2,'CARAVANA DE AMOR',2,'DISPONÍVEL','2009-05-15 15:07:25',NULL,1),(1327,1,15,179,622,3,'O MORRO DAS ILUSÕES',3,'DISPONÍVEL','2009-05-15 15:07:25',NULL,1),(1328,1,15,179,622,2,'O MORRO DAS ILUSÕES',3,'DISPONÍVEL','2009-05-15 15:07:25',NULL,1),(1329,1,7,5,625,2,'A CASA DO PENHASCO',2,'DISPONÍVEL','2009-05-15 15:07:25',NULL,1),(1330,1,243,184,626,2,'RETALHOS DA NOSSA EXISTENCIA',2,'DISPONÍVEL','2009-05-15 15:07:25',NULL,1),(1331,9,4,1,630,2,'ALMAS EM DESFILE',2,'DISPONÍVEL','2009-05-15 15:07:25',NULL,1),(1332,1,115,5,636,2,'OS TECELÕES DO DESTINO',2,'DISPONÍVEL','2009-05-15 15:07:25',NULL,1),(1333,1,251,9,638,2,'O IGNORADO AMOR',2,'DISPONÍVEL','2009-05-15 15:07:25',NULL,1),(1334,34,252,166,640,2,'MÉDICO DO CORPO E ALMA',2,'DISPONÍVEL','2009-05-15 15:07:25',NULL,1),(1335,1,255,5,644,2,'O DIÁRIO DE SOFIA',2,'DISPONÍVEL','2009-05-15 15:07:25',NULL,1),(1336,1,257,191,647,2,'ALGEMAS DOURADAS',2,'DISPONÍVEL','2009-05-15 15:07:25',NULL,1),(1337,1,17,12,648,2,'LIVRE PARA VOAR',2,'DISPONÍVEL','2009-05-15 15:07:25',NULL,1),(1338,1,259,135,650,3,'DRAMAS DA PAIXÃO',3,'DISPONÍVEL','2009-05-15 15:07:25',NULL,1),(1339,1,259,135,650,2,'DRAMAS DA PAIXÃO',3,'DISPONÍVEL','2009-05-15 15:07:25',NULL,1),(1340,1,7,5,662,2,'O ULTIMO JANTAR',2,'DISPONÍVEL','2009-05-15 15:07:25',NULL,1),(1341,6,58,52,668,3,'UM JEITO DE SER FELIZ',3,'DISPONÍVEL','2009-05-15 15:07:25',NULL,1),(1342,6,58,52,668,2,'UM JEITO DE SER FELIZ',3,'DISPONÍVEL','2009-05-15 15:07:25',NULL,1),(1343,1,272,5,676,2,'OS ANDARILHOS',2,'DISPONÍVEL','2009-05-15 15:07:25',NULL,1),(1344,6,116,9,677,2,'ERROS E ACERTOS',2,'DISPONÍVEL','2009-05-15 15:07:25',NULL,1),(1345,10,188,117,678,3,'Ó MUNDO QUE ENCONTREI',3,'DISPONÍVEL','2009-06-01 21:32:36',NULL,1),(1346,10,188,117,678,2,'Ó MUNDO QUE ENCONTREI',3,'DISPONÍVEL','2009-06-01 21:32:36',NULL,1),(1347,1,260,126,703,3,'RECONCILIA - TE PRIMEIRO',3,'DISPONÍVEL','2009-05-15 15:07:25',NULL,1),(1348,1,260,126,703,2,'RECONCILIA - TE PRIMEIRO',3,'DISPONÍVEL','2009-05-15 15:07:25',NULL,1),(1349,6,190,139,707,2,'JESUS VOLTANDO',2,'DISPONÍVEL','2009-05-15 15:07:26',NULL,1),(1350,1,243,184,710,2,'ESPELHO DA ETERNIDADE',2,'DISPONÍVEL','2009-05-15 15:07:26',NULL,1),(1351,1,292,209,724,2,'SUBLIME PERDÃO',2,'DISPONÍVEL','2009-05-15 15:07:26',NULL,1),(1352,1,1,1,731,3,'AMOR E ÓDIO',3,'DISPONÍVEL','2009-05-15 15:07:26',NULL,1),(1353,1,1,1,731,2,'AMOR E ÓDIO',3,'DISPONÍVEL','2009-05-15 15:07:26',NULL,1),(1354,1,75,31,744,2,'COM AMOR NÃO SE BRINCA',2,'DISPONÍVEL','2009-05-15 15:07:26',NULL,1),(1355,1,38,31,754,2,'SOB AS CINZAS DO TEMPO',2,'DISPONÍVEL','2009-05-15 15:07:26',NULL,1),(1356,1,15,179,758,2,'UM AMOR DE VERDADE',2,'DISPONÍVEL','2009-05-15 15:07:26',NULL,1),(1357,1,15,31,759,2,'TUDO VALEU A PENA',2,'DISPONÍVEL','2009-05-15 15:07:26',NULL,1),(1358,23,317,31,774,2,'MENSAGENS DE MARIA PARA A FAMÍLIA',2,'DISPONÍVEL','2009-05-15 15:07:26',NULL,1),(1359,2,318,59,779,2,'QUEM É O CRISTO',2,'DISPONÍVEL','2009-05-15 15:07:26',NULL,1),(1360,20,327,31,795,2,'O SOL DA LIBERDADE',2,'DISPONÍVEL','2009-05-15 15:07:26',NULL,1),(1361,1,329,31,802,2,'SOMOS TODOS APRENDIZES',2,'DISPONÍVEL','2009-05-15 15:07:26',NULL,1),(1362,1,331,122,805,2,'SEM REGRAS PARA AMAR',2,'DISPONÍVEL','2009-05-15 15:07:26',NULL,1),(1363,17,52,2,807,2,'DEPOIS DA MORTE',2,'DISPONÍVEL','2009-05-15 15:07:26',NULL,1),(1364,44,3,33,818,3,'ESPELHO D`ALMA',3,'DISPONÍVEL','2009-05-15 15:07:26',NULL,1),(1365,44,3,33,818,2,'ESPELHO D`ALMA',3,'DISPONÍVEL','2009-05-15 15:07:26',NULL,1),(1366,10,72,64,819,2,'CONCIÊNCIA',2,'DISPONÍVEL','2009-05-15 15:07:26',NULL,1),(1367,16,4,62,823,2,'ASSIM VENCERÁS',2,'DISPONÍVEL','2009-05-15 15:07:26',NULL,1),(1368,16,4,143,826,2,'LIVRO DE RESPOSTAS',2,'DISPONÍVEL','2009-05-15 15:07:26',NULL,1),(1369,6,4,106,827,2,'TAÇA DE LUZ',2,'DISPONÍVEL','2009-05-15 15:07:26',NULL,1),(1370,15,4,25,834,2,'HORA DE LUZ',2,'DISPONÍVEL','2009-05-15 15:07:26',NULL,1),(1371,6,338,2,839,2,'IDE E PREGAI',2,'DISPONÍVEL','2009-05-15 15:07:26',NULL,1),(1372,20,7,5,849,2,'O MISTERIO DO SOBRADO',2,'DISPONÍVEL','2009-05-15 15:07:26',NULL,1),(1373,1,345,25,855,2,'ESCRAVO DA ILUSÃO',2,'DISPONÍVEL','2009-05-15 15:07:26',NULL,1),(1374,6,58,52,888,2,'UMA RAZÃO PARA VIVER',2,'DISPONÍVEL','2009-05-15 15:07:26',NULL,1),(1375,1,196,236,931,2,'ETERNAMENTE AMIGOS',2,'DISPONÍVEL','2009-05-15 15:07:26',NULL,1),(1376,1,331,196,939,2,'O BRILHO DA VERDADE',2,'DISPONÍVEL','2009-05-15 15:07:26',NULL,1),(1377,8,127,9,978,2,'E, PARA O RESTO DA VIDA...',2,'DISPONÍVEL','2009-06-01 21:21:44',NULL,1);
/*!40000 ALTER TABLE `acervo` ENABLE KEYS */;
UNLOCK TABLES;

--
-- Table structure for table `acervo_locacao`
--

DROP TABLE IF EXISTS `acervo_locacao`;
SET @saved_cs_client     = @@character_set_client;
SET character_set_client = utf8;
CREATE TABLE `acervo_locacao` (
  `id_locacao` int(11) NOT NULL,
  `id_acervo` int(11) NOT NULL,
  `data_cadastro` timestamp NOT NULL default CURRENT_TIMESTAMP on update CURRENT_TIMESTAMP,
  `data_baixa` timestamp NULL default NULL,
  `situacao` tinyint(1) NOT NULL default '1',
  PRIMARY KEY  (`id_locacao`,`id_acervo`),
  KEY `id_acervo` (`id_acervo`),
  CONSTRAINT `acervo_locacao_ibfk_1` FOREIGN KEY (`id_locacao`) REFERENCES `locacao` (`id_locacao`),
  CONSTRAINT `acervo_locacao_ibfk_2` FOREIGN KEY (`id_acervo`) REFERENCES `acervo` (`id_acervo`)
) ENGINE=InnoDB DEFAULT CHARSET=latin1;
SET character_set_client = @saved_cs_client;

--
-- Dumping data for table `acervo_locacao`
--

LOCK TABLES `acervo_locacao` WRITE;
/*!40000 ALTER TABLE `acervo_locacao` DISABLE KEYS */;
/*!40000 ALTER TABLE `acervo_locacao` ENABLE KEYS */;
UNLOCK TABLES;

--
-- Table structure for table `administrador`
--

DROP TABLE IF EXISTS `administrador`;
SET @saved_cs_client     = @@character_set_client;
SET character_set_client = utf8;
CREATE TABLE `administrador` (
  `id_administrador` int(11) NOT NULL auto_increment,
  `nome` varchar(150) NOT NULL,
  `login` varchar(50) NOT NULL default '',
  `senha` varchar(50) NOT NULL default '',
  `data_cadastro` timestamp NOT NULL default CURRENT_TIMESTAMP,
  `data_baixa` timestamp NULL default NULL,
  `situacao` tinyint(1) NOT NULL default '1',
  PRIMARY KEY  (`id_administrador`)
) ENGINE=InnoDB AUTO_INCREMENT=3 DEFAULT CHARSET=latin1;
SET character_set_client = @saved_cs_client;

--
-- Dumping data for table `administrador`
--

LOCK TABLES `administrador` WRITE;
/*!40000 ALTER TABLE `administrador` DISABLE KEYS */;
INSERT INTO `administrador` VALUES (1,'DIOGO CEZAR','DIOGO','PANACA','2009-05-13 03:06:48',NULL,1),(2,'MARIO SERGIO','MARIO','MASEBA','2009-05-13 14:22:09',NULL,1);
/*!40000 ALTER TABLE `administrador` ENABLE KEYS */;
UNLOCK TABLES;

--
-- Table structure for table `autor`
--

DROP TABLE IF EXISTS `autor`;
SET @saved_cs_client     = @@character_set_client;
SET character_set_client = utf8;
CREATE TABLE `autor` (
  `id_autor` int(11) NOT NULL auto_increment,
  `nome` varchar(100) NOT NULL default '',
  `data_cadastro` timestamp NOT NULL default CURRENT_TIMESTAMP,
  `data_baixa` timestamp NULL default NULL,
  `situacao` tinyint(1) NOT NULL default '1',
  PRIMARY KEY  (`id_autor`)
) ENGINE=InnoDB AUTO_INCREMENT=397 DEFAULT CHARSET=latin1;
SET character_set_client = @saved_cs_client;

--
-- Dumping data for table `autor`
--

LOCK TABLES `autor` WRITE;
/*!40000 ALTER TABLE `autor` DISABLE KEYS */;
INSERT INTO `autor` VALUES (1,'PEREIRA, YVONNE A.','2009-05-15 15:06:08',NULL,1),(2,'FLAMMARION, CAMILLE','2009-05-15 15:06:08',NULL,1),(3,'FRANCO, DIVALDO PEREIRA','2009-05-15 15:06:08',NULL,1),(4,'XAVIER, FRANCISCO C.','2009-05-15 15:06:08',NULL,1),(5,'PIRES, J. HERCULANO','2009-05-15 15:06:08',NULL,1),(6,'ROCHESTER, J. W. ','2009-05-15 15:06:08',NULL,1),(7,'CARVALHO, VERA LÚCIA MARINZECK','2009-05-15 15:06:08',NULL,1),(8,'VIEIRA, WALDO','2009-05-15 15:06:08',NULL,1),(9,'LANZA, CELESTINA A. ','2009-05-15 15:06:09',NULL,1),(10,'GAMA, ZILDA','2009-05-15 15:06:09',NULL,1),(11,'Ó, FERNANDO DO','2009-05-15 15:06:09',NULL,1),(12,'OLIVEIRA, ARMANDO F.','2009-05-15 15:06:09',NULL,1),(13,'SARDOU, VITORIEN','2009-05-15 15:06:09',NULL,1),(14,'RANIERE, R. A.','2009-05-15 15:06:09',NULL,1),(15,'GASPARETTO, ZIBIA','2009-05-15 15:06:09',NULL,1),(16,'SURINACH, JOSÉ','2009-05-15 15:06:09',NULL,1),(17,'FRUNGILO, WILSON JUNIOR','2009-05-15 15:06:09',NULL,1),(18,'BARCLAY, FLORENCE L.','2009-05-15 15:06:10',NULL,1),(19,'POLETTO, JUAREZ ','2009-05-15 15:06:10',NULL,1),(20,'BOURDIM, ANTOINETTE','2009-05-15 15:06:10',NULL,1),(21,'HESSE, HERMANN','2009-05-15 15:06:10',NULL,1),(22,'CURTI, RINO','2009-05-15 15:06:10',NULL,1),(23,'GIBIER, PAUL','2009-05-15 15:06:10',NULL,1),(24,'BOZZANO, ERNESTO','2009-05-15 15:06:10',NULL,1),(25,'KARDEC, ALLAN','2009-05-15 15:06:10',NULL,1),(26,'JUNQUEIRA, IRON','2009-05-15 15:06:11',NULL,1),(27,'KOLODY, HELENA','2009-05-15 15:06:11',NULL,1),(28,'FORMIGA, EURÍCLEDES','2009-05-15 15:06:11',NULL,1),(29,'LUCIANO, FRANCISCO','2009-05-15 15:06:12',NULL,1),(30,'PENTEADO, MARIA HELOISA','2009-05-15 15:06:12',NULL,1),(31,'COLASSANTI, MARINA','2009-05-15 15:06:12',NULL,1),(32,'JACINTO, ROQUE','2009-05-15 15:06:12',NULL,1),(33,'MATOS, NEIDE SIMÕES','2009-05-15 15:06:12',NULL,1),(34,'BARBOSA, MARCOS JOSÉ OLIMPIO','2009-05-15 15:06:12',NULL,1),(35,'CASTRO, ALMERINDO M. DE ','2009-05-15 15:06:12',NULL,1),(36,'RODRIGUES, A. FERNANDES','2009-05-15 15:06:13',NULL,1),(37,'WORN, FERNANDO','2009-05-15 15:06:13',NULL,1),(38,'BACELLI, CARLOS A','2009-05-15 15:06:13',NULL,1),(39,'PINTO, FERNANDO ','2009-05-15 15:06:13',NULL,1),(40,'GAMA, RAMIRO','2009-05-15 15:06:13',NULL,1),(41,'MONTEIRO, EDUARDO C.','2009-05-15 15:06:13',NULL,1),(42,'BARBOSA, ELIAS','2009-05-15 15:06:14',NULL,1),(43,'ROSIN, ZILDA GIUNCHETTI','2009-05-15 15:06:14',NULL,1),(44,'ANJOS, ROSE DOS','2009-05-15 15:06:14',NULL,1),(45,'WYNN, WALTER','2009-05-15 15:06:14',NULL,1),(46,'GENTILE, SALVADOR','2009-05-15 15:06:15',NULL,1),(47,'ALVES, NÉRCIO ANTONIO','2009-05-15 15:06:15',NULL,1),(48,'ESPÍRITOS DIVERSOS','2009-05-15 15:06:15',NULL,1),(49,'RODRIGUES, HENRIQUE','2009-05-15 15:06:15',NULL,1),(50,'BACELAR, DOLORES','2009-05-15 15:06:15',NULL,1),(51,'AMIGO, JOSÉ','2009-05-15 15:06:15',NULL,1),(52,'DENIS, LEON','2009-05-15 15:06:15',NULL,1),(53,'AGUARD, ANGEL ','2009-05-15 15:06:16',NULL,1),(54,'MAES, HERCÍLIO','2009-05-15 15:06:16',NULL,1),(55,'TEIXEIRA, EDITH','2009-05-15 15:06:16',NULL,1),(56,'MARTINS, CELSO','2009-05-15 15:06:16',NULL,1),(57,'MOTA, ELISERU F. JÚNIOR','2009-05-15 15:06:16',NULL,1),(58,'SIMONETTI, RICHARD','2009-05-15 15:06:16',NULL,1),(59,'PERALVA, MARTINS ','2009-05-15 15:06:16',NULL,1),(60,'AMORIN, DEOLINDO','2009-05-15 15:06:17',NULL,1),(61,'SOLER, AMALIA DOMIGOS','2009-05-15 15:06:17',NULL,1),(62,'CALIGARIS, RODOLFO','2009-05-15 15:06:17',NULL,1),(63,'MIRANDA, DIRCE MORAES','2009-05-15 15:06:17',NULL,1),(64,'SANTOS, JOSÉ DOS SANTOS JUNIOR','2009-05-15 15:06:18',NULL,1),(65,'SCHUTEL, CAIBAR','2009-05-15 15:06:18',NULL,1),(66,'SCHUBERT, SUELI CALDA','2009-05-15 15:06:19',NULL,1),(67,'D\' ESPERANCE','2009-05-15 15:06:19',NULL,1),(68,'ORPHANAKI, EDSON','2009-05-15 15:06:19',NULL,1),(69,'MIRANDA, HERMINIO C.','2009-05-15 15:06:19',NULL,1),(70,'CAMARGO, PEDRO','2009-05-15 15:06:19',NULL,1),(71,'ENZLER, CLARICE J.','2009-05-15 15:06:19',NULL,1),(72,'MACHADO, IRENE PACHECO','2009-05-15 15:06:20',NULL,1),(73,'LODGE, SIR. OLIVER ','2009-05-15 15:06:20',NULL,1),(74,'CAMACHO, M. ','2009-05-15 15:06:20',NULL,1),(75,'CASTRO, MONICA','2009-05-15 15:06:20',NULL,1),(76,'ANDRADE, HERNANI GUIMARÃES','2009-05-15 15:06:21',NULL,1),(77,'MANN, JOHN','2009-05-15 15:06:21',NULL,1),(78,'MORATO, ÂNGELO','2009-05-15 15:06:21',NULL,1),(79,'MARTINS, ROMUALDO JOAQUIM','2009-05-15 15:06:21',NULL,1),(80,'ROSSI, MARLENE E.','2009-05-15 15:06:21',NULL,1),(81,'TRIGUEIRIHO','2009-05-15 15:06:21',NULL,1),(82,'FERREIRA, J. A . FILHO','2009-05-15 15:06:21',NULL,1),(83,'POLIDORO, OSVALDO ','2009-05-15 15:06:22',NULL,1),(84,'PAULA, JOÃO TEIXEIRA','2009-05-15 15:06:22',NULL,1),(85,'RILKE, RAINER M. ','2009-05-15 15:06:22',NULL,1),(86,'TREVISAN, LAURO ','2009-05-15 15:06:22',NULL,1),(87,'DRANGAND, J','2009-05-15 15:06:22',NULL,1),(88,'ANJOS, LUCIANE DOS E HERNANI C. MIRANDA','2009-05-15 15:06:22',NULL,1),(89,'ZEZINHO, PADRE ','2009-05-15 15:06:22',NULL,1),(90,'ROHDEN, HUMBERTO ','2009-05-15 15:06:22',NULL,1),(91,'MACARI, N.','2009-05-15 15:06:22',NULL,1),(92,'ANGARAME, OSVALDO LUIZ','2009-05-15 15:06:22',NULL,1),(93,'PEDROSO, MILTON','2009-05-15 15:06:22',NULL,1),(94,'ARMOND, EDGARD','2009-05-15 15:06:23',NULL,1),(95,'PRADO, LOUREÇO','2009-05-15 15:06:23',NULL,1),(96,'KRISHINA, MURT J. ','2009-05-15 15:06:23',NULL,1),(97,'QUOIST, MICHEL','2009-05-15 15:06:23',NULL,1),(98,'FERREIRA, INÁCIO','2009-05-15 15:06:23',NULL,1),(99,'ROADS, MICHEL J.','2009-05-15 15:06:23',NULL,1),(100,'PINILLOS, JOSÉ LUIZ','2009-05-15 15:06:23',NULL,1),(101,'ORTIZ, L. M.','2009-05-15 15:06:23',NULL,1),(102,'BRENNAN, BÁRBARA ANN.','2009-05-15 15:06:23',NULL,1),(103,'GARCIA, WILSON','2009-05-15 15:06:23',NULL,1),(104,'PINHO, JOÃO DE DEUS','2009-05-15 15:06:24',NULL,1),(105,'BUCK, PEARL S','2009-05-15 15:06:24',NULL,1),(106,'NEILL, A. S.','2009-05-15 15:06:24',NULL,1),(107,'ESPIRITA ANUARIO','2009-05-15 15:06:24',NULL,1),(108,'GIBRAM, KAHLIL','2009-05-15 15:06:24',NULL,1),(109,'FAYAD, AIÇOR','2009-05-15 15:06:24',NULL,1),(110,'CENTRO REDENTOR','2009-05-15 15:06:24',NULL,1),(111,'HUNT, ROLAND','2009-05-15 15:06:24',NULL,1),(112,'LORENZ, FRANCISCO V.','2009-05-15 15:06:25',NULL,1),(113,'VASCOCELOS, MARILUSA M.','2009-05-15 15:06:25',NULL,1),(114,'CORREA, RUBENS','2009-05-15 15:06:25',NULL,1),(115,'KUHL, EURÍPEDES','2009-05-15 15:06:25',NULL,1),(116,'CAMARGO, CÉLIA XAVIER','2009-05-15 15:06:25',NULL,1),(117,'OHLHAVER, HENRICH','2009-05-15 15:06:25',NULL,1),(118,'CUNHA, HEIGORINA','2009-05-15 15:06:26',NULL,1),(119,'WEISS, BRIAN','2009-05-15 15:06:26',NULL,1),(120,'LOURENÇO, SÉRGIO','2009-05-15 15:06:26',NULL,1),(121,'PAIVA, ANTONIO CORREA','2009-05-15 15:06:26',NULL,1),(122,'','2009-05-15 15:06:26',NULL,1),(123,'BASTOS, DEMÉTRIO PAVEL','2009-05-15 15:06:26',NULL,1),(124,'MOTA, ELISEU F. JÚNIOR','2009-05-15 15:06:26',NULL,1),(125,'AGUARONÉ, F.','2009-05-15 15:06:27',NULL,1),(126,'YOURCENAR, MARGUERITE','2009-05-15 15:06:27',NULL,1),(127,'RODRIGUES, WALLACE LEAL V.','2009-05-15 15:06:27',NULL,1),(128,'DICK, R. A .','2009-05-15 15:06:27',NULL,1),(129,'MONTGAMERY, RUTH','2009-05-15 15:06:27',NULL,1),(130,'CARVALHO, IRENE','2009-05-15 15:06:27',NULL,1),(131,'KUNDERA, MILAN','2009-05-15 15:06:28',NULL,1),(132,'EFFENDI, SHOGHI','2009-05-15 15:06:28',NULL,1),(133,'SARDANO, MIGUEL DE JESUS','2009-05-15 15:06:28',NULL,1),(134,'NORONHA, A. G. FONSECA','2009-05-15 15:06:28',NULL,1),(135,'IMBASSAHI, CARLOS B.','2009-05-15 15:06:28',NULL,1),(136,'BARRETO, CARMEM','2009-05-15 15:06:28',NULL,1),(137,'WEST, MORIS','2009-05-15 15:06:29',NULL,1),(138,'REGIS, JACI','2009-05-15 15:06:29',NULL,1),(139,'TAMASSIA, MARIO B.','2009-05-15 15:06:29',NULL,1),(140,'CARNEIRO, LUIZ CARLOS','2009-05-15 15:06:29',NULL,1),(141,'MAUPASSANT, GUY DE.','2009-05-15 15:06:29',NULL,1),(142,'TAMASSIA, MARIO B. E HENRIQUE RODRIGUES','2009-05-15 15:06:29',NULL,1),(143,'PAIVA, AYTON','2009-05-15 15:06:30',NULL,1),(144,'DUBUGRAS, ELISIE','2009-05-15 15:06:30',NULL,1),(145,'MORELI, JACI','2009-05-15 15:06:30',NULL,1),(146,'OLIVEIRA, FAUSTO','2009-05-15 15:06:30',NULL,1),(147,'JAMES, HENRY ','2009-05-15 15:06:30',NULL,1),(148,'CARVALHO, CAMILO','2009-05-15 15:06:30',NULL,1),(149,'SANTOS, JAMIRO FILHO','2009-05-15 15:06:30',NULL,1),(150,'MAURIER, DAPHNE DU','2009-05-15 15:06:31',NULL,1),(151,'GIDE, ANDRÉ','2009-05-15 15:06:31',NULL,1),(152,'MACHADO, LEOPOLDO','2009-05-15 15:06:31',NULL,1),(153,'FRANCINI, WALTER','2009-05-15 15:06:31',NULL,1),(154,'MARCHAL, PADRE V.','2009-05-15 15:06:31',NULL,1),(155,'VASCOCELLOS, MARILUSA M.','2009-05-15 15:06:31',NULL,1),(156,'CUNHA, LANGERTON NEVES','2009-05-15 15:06:31',NULL,1),(157,'SAMPAIO, F. L. BITENCOURT','2009-05-15 15:06:32',NULL,1),(158,'TEIXEIRA, ELZITA L.','2009-05-15 15:06:32',NULL,1),(159,'CARVALHO, HELENA M.C.','2009-05-15 15:06:32',NULL,1),(160,'LEWIS, H. SPENCER ','2009-05-15 15:06:32',NULL,1),(161,'MOT, ODETE DE BARROS','2009-05-15 15:06:32',NULL,1),(162,'TEIXEIRA, J. RAUL','2009-05-15 15:06:32',NULL,1),(163,'PAULA, JOSE A. VIEIRA','2009-05-15 15:06:32',NULL,1),(164,'PESSOA, CRISTOVAN MARQUES','2009-05-15 15:06:33',NULL,1),(165,'DELANE, GABRIEL','2009-05-15 15:06:33',NULL,1),(166,'CRAWFORD, W. J.','2009-05-15 15:06:33',NULL,1),(167,'MAGDALENA, JOSÉ CARLOS','2009-05-15 15:06:34',NULL,1),(168,'VASCONCELLO, MARILUSA M.','2009-05-15 15:06:34',NULL,1),(169,'NOVAES, ADENANER','2009-05-15 15:06:34',NULL,1),(170,'OLIVEIRA, TEREZINHA','2009-05-15 15:06:34',NULL,1),(171,'GOUDGE, ELIZABETH','2009-05-15 15:06:34',NULL,1),(172,'BACELLI, CARLOS A . ','2009-05-15 15:06:34',NULL,1),(173,'TOLEDO, WENEFREDO DE','2009-05-15 15:06:34',NULL,1),(174,'BRAGA, ISMAEL GOMES','2009-05-15 15:06:34',NULL,1),(175,'LOBO, NEY','2009-05-15 15:06:34',NULL,1),(176,'CARNEIRO, VITOR RIBAS','2009-05-15 15:06:35',NULL,1),(177,'BERNARDI, RICARDO DI.','2009-05-15 15:06:35',NULL,1),(178,'THOMASON, GEORGE','2009-05-15 15:06:35',NULL,1),(179,'SCHINDLER, JHON A.','2009-05-15 15:06:35',NULL,1),(180,'BHAKTIVECLANTA C.','2009-05-15 15:06:35',NULL,1),(181,'SASS, ROSELI VON ','2009-05-15 15:06:35',NULL,1),(182,'BACH, RICHARD','2009-05-15 15:06:36',NULL,1),(183,'RIGNONALTI, ELISEU ','2009-05-15 15:06:36',NULL,1),(184,'SANTO NETO, FRANCISCO DO ESPÍRITO','2009-05-15 15:06:36',NULL,1),(185,'QUINTÃO, MANOEL ','2009-05-15 15:06:36',NULL,1),(186,'RECAMIOTTE, M. IVONE','2009-05-15 15:06:36',NULL,1),(187,'MEYER, ANTONIETA V.','2009-05-15 15:06:36',NULL,1),(188,'SILVA, ALYDE ASSUNÇÃO','2009-05-15 15:06:36',NULL,1),(189,'PIETRONE, PATRICH ','2009-05-15 15:06:37',NULL,1),(190,'MAIA, JOÃO NUNES','2009-05-15 15:06:37',NULL,1),(191,'REDFIELD, JAMES ','2009-05-15 15:06:37',NULL,1),(192,'MARTINS, CELSO E RODRIGUE, ANTONIO','2009-05-15 15:06:37',NULL,1),(193,'CHIARO, AMILCAR DEL FILHO','2009-05-15 15:06:38',NULL,1),(194,'VELINO, CORINA NO','2009-05-15 15:06:38',NULL,1),(195,'TREVISAN, PE. CELESTINO','2009-05-15 15:06:38',NULL,1),(196,'ARTMANN, ELIZABETH','2009-05-15 15:06:38',NULL,1),(197,'VIANA, ISOLINA BRESOLIM','2009-05-15 15:06:39',NULL,1),(198,'MOURA, FÁTIMA','2009-05-15 15:06:39',NULL,1),(199,'NETO, PAIVA','2009-05-15 15:06:39',NULL,1),(200,'ANDRADE, JAIME','2009-05-15 15:06:39',NULL,1),(201,'FOX, EMMET','2009-05-15 15:06:39',NULL,1),(202,'MENDONÇA, GERONIMO','2009-05-15 15:06:39',NULL,1),(203,'PROENÇA, VERA LUCIA','2009-05-15 15:06:40',NULL,1),(204,'SILVA, JOSÉ THOMAS SOBRINHO','2009-05-15 15:06:40',NULL,1),(205,'MARIO, MARCOS ALBERTO DE ','2009-05-15 15:06:40',NULL,1),(206,'PAZIAN, HUMBERTO','2009-05-15 15:06:40',NULL,1),(207,'PUGLIA, SILVIA C. S.','2009-05-15 15:06:40',NULL,1),(208,'HORBYLON, MARGARIDA F.','2009-05-15 15:06:40',NULL,1),(209,'GUIOT, ALAIN GISÉLE','2009-05-15 15:06:40',NULL,1),(210,'NAZARETH, JOAMAR ZANOLINI','2009-05-15 15:06:40',NULL,1),(211,'MORAES, NELSON','2009-05-15 15:06:41',NULL,1),(212,'RUSSO, JOSÉ ','2009-05-15 15:06:41',NULL,1),(213,'GLASER, ABEL','2009-05-15 15:06:41',NULL,1),(214,'PAIXÃO, WAGNER GOMES','2009-05-15 15:06:41',NULL,1),(215,'DEMARCHI, ANTONIO','2009-05-15 15:06:41',NULL,1),(216,'OLIVEIRA, MARIA A. A. DE','2009-05-15 15:06:41',NULL,1),(217,'LOUREIRO, CARLOS BERNADO','2009-05-15 15:06:41',NULL,1),(218,'MIRANEZ, ','2009-05-15 15:06:41',NULL,1),(219,'FOX, SAM KEEN, ANNE VALLEY','2009-05-15 15:06:42',NULL,1),(220,'BORYSENKO, JUAN','2009-05-15 15:06:42',NULL,1),(221,'LEAN, PERRY MC','2009-05-15 15:06:42',NULL,1),(222,'YGAKRISMANDA, MOLINERO ','2009-05-15 15:06:42',NULL,1),(223,'CAJAZEIRAS, FRANCISCO ','2009-05-15 15:06:42',NULL,1),(224,'RIZZINI, JORGE','2009-05-15 15:06:42',NULL,1),(225,'DIVERSOS, AUTORES','2009-05-15 15:06:42',NULL,1),(226,'LIMA, ANTONIO','2009-05-15 15:06:42',NULL,1),(227,'CRUZ, MAURY RODRIGUES','2009-05-15 15:06:42',NULL,1),(228,'VASCOCELLO, MARILUSA M.','2009-05-15 15:06:42',NULL,1),(229,'NEE, WATCHMAN','2009-05-15 15:06:43',NULL,1),(230,'GODOI, PAULO ALVES DE','2009-05-15 15:06:43',NULL,1),(231,'FRITSCH, DAUNY','2009-05-15 15:06:43',NULL,1),(232,'DIBO, DULCÍDIO','2009-05-15 15:06:43',NULL,1),(233,'CHAVES, JOSÉ REIS','2009-05-15 15:06:43',NULL,1),(234,'AMARAL, LYGIA BARBIÉRE, ','2009-05-15 15:06:43',NULL,1),(235,'GOLDSMITH, JOEL S.','2009-05-15 15:06:43',NULL,1),(236,'SIEGEL, BERNIE S.','2009-05-15 15:06:44',NULL,1),(237,'MCDONALD, KATHLEEN','2009-05-15 15:06:44',NULL,1),(238,'WERNECK, IVAN A.','2009-05-15 15:06:44',NULL,1),(239,'PINHEIRO, DONIZETE ','2009-05-15 15:06:44',NULL,1),(240,'MARTHION, OLGA ','2009-05-15 15:06:45',NULL,1),(241,'CHOPRA, DEEPAK','2009-05-15 15:06:45',NULL,1),(242,'RAMALHO, MARY RAPUCI','2009-05-15 15:06:45',NULL,1),(243,'NOGUEIRA, HEDE MARIA','2009-05-15 15:06:45',NULL,1),(244,'PAULA, GESSY CARÍSIO','2009-05-15 15:06:45',NULL,1),(245,'DIAS, FAUSTO GONÇALVES','2009-05-15 15:06:45',NULL,1),(246,'BERBEL, JOÃO ','2009-05-15 15:06:45',NULL,1),(247,'CRISTINA, DEBORALI','2009-05-15 15:06:46',NULL,1),(248,'GALDINO, LUIZ','2009-05-15 15:06:46',NULL,1),(249,'NEVES, WALACE FERNANDO','2009-05-15 15:06:46',NULL,1),(250,'LISSO, WLADEMIR E OUTROS','2009-05-15 15:06:46',NULL,1),(251,'GAUTIER, THEOPHILE','2009-05-15 15:06:46',NULL,1),(252,'HOERNER, VALÉRIO JÚNIOR','2009-05-15 15:06:46',NULL,1),(253,'VILELA, JANE MARTINS','2009-05-15 15:06:46',NULL,1),(254,'GASPARETTO, LUIZ ANTONIO','2009-05-15 15:06:46',NULL,1),(255,'COSTA, ALCEU FILHO','2009-05-15 15:06:46',NULL,1),(256,'BANDEIRA, PEDRO','2009-05-15 15:06:47',NULL,1),(257,'GERTRUDES, MARIA','2009-05-15 15:06:47',NULL,1),(258,'TERRA, ONEIDA','2009-05-15 15:06:47',NULL,1),(259,'VARGAS, ANA CRISTINA','2009-05-15 15:06:47',NULL,1),(260,'FORNI, RICARDO ORESTES','2009-05-15 15:06:47',NULL,1),(261,'KILNER, WALTER J.','2009-05-15 15:06:47',NULL,1),(262,'SOCIETO LORENZ','2009-05-15 15:06:47',NULL,1),(263,'MILLECO, LUIZ ANTONIO','2009-05-15 15:06:47',NULL,1),(264,'VALLE, WALDO LIMA DO','2009-05-15 15:06:47',NULL,1),(265,'SOARES, SILVIO BRITO','2009-05-15 15:06:48',NULL,1),(266,'SEVERINO, PAULO ROSSI','2009-05-15 15:06:48',NULL,1),(267,'SAUVAGE, ELIAS','2009-05-15 15:06:48',NULL,1),(268,'PALISSY, CODRO','2009-05-15 15:06:48',NULL,1),(269,'BARUFFI, ZELIA CARNEIRO','2009-05-15 15:06:48',NULL,1),(270,'LYGRA, BARBIERI AMARAL','2009-05-15 15:06:48',NULL,1),(271,'MEDEIROS, RICHY','2009-05-15 15:06:48',NULL,1),(272,'LUIZ SÉRGIO GOMES','2009-05-15 15:06:48',NULL,1),(273,'SARTI, VALESKA PEREZ ','2009-05-15 15:06:49',NULL,1),(274,'PEREIRA, GILVANIZE BALBINO','2009-05-15 15:06:49',NULL,1),(275,'MAROTE, MARLI BERETTA OLIM','2009-05-15 15:06:49',NULL,1),(276,'MENEZES, ROMÁRIO','2009-05-15 15:06:49',NULL,1),(277,'GUARINO, GILBERTO CAMPISTA','2009-05-15 15:06:50',NULL,1),(278,'MACHADO, IVAM LEOPOLDO MACHADO','2009-05-15 15:06:50',NULL,1),(279,'PHULMANN, MARIA A. F.','2009-05-15 15:06:50',NULL,1),(280,'MARISLEI ESP. BRASILEIRO','2009-05-15 15:06:50',NULL,1),(281,'MACHADO, LIA MÁRCIA','2009-05-15 15:06:50',NULL,1),(282,'LEÃO, MARIA DA GRAÇA','2009-05-15 15:06:50',NULL,1),(283,'OLIVEIRA, JOÃO G. DE','2009-05-15 15:06:50',NULL,1),(284,'PAIVA, NETO','2009-05-15 15:06:51',NULL,1),(285,'CARMARGO, ROBERTO','2009-05-15 15:06:51',NULL,1),(286,'CARNEIRO, SANDRA','2009-05-15 15:06:51',NULL,1),(287,'CANUTTI, A . WANDA','2009-05-15 15:06:51',NULL,1),(288,'RUIZ, ANDRÉ LUIZ','2009-05-15 15:06:51',NULL,1),(289,'NAZARÉ, MARIA DÓRIA','2009-05-15 15:06:51',NULL,1),(290,'ZAMARIAM, WALTER','2009-05-15 15:06:51',NULL,1),(291,'CÉZAR, MARCELO','2009-05-15 15:06:51',NULL,1),(292,'FLORÊNCIO, VIVIANE CLAUDIA','2009-05-15 15:06:51',NULL,1),(293,'DAMAS, GLAUCO','2009-05-15 15:06:52',NULL,1),(294,'CONHADA, CLEIDE MARTINS','2009-05-15 15:06:52',NULL,1),(295,'MAÍRU, MARCOS ANTONIO','2009-05-15 15:06:52',NULL,1),(296,'CAPALBO, ELLY DA COSTA','2009-05-15 15:06:52',NULL,1),(297,'ROMAGNOLLI, LIDA MORAIS','2009-05-15 15:06:52',NULL,1),(298,'AZEVEDO, ASSIS','2009-05-15 15:06:52',NULL,1),(299,'BOCELLI, CARLOS','2009-05-15 15:06:52',NULL,1),(300,'FONSECA, RIBAMAR','2009-05-15 15:06:52',NULL,1),(301,'PINHEIRO, ROBSON','2009-05-15 15:06:52',NULL,1),(302,'FERNANDES, V. HELENY','2009-05-15 15:06:52',NULL,1),(303,'GRANELLA, WILSON','2009-05-15 15:06:53',NULL,1),(304,'ROCHA, HELDA PIRRA','2009-05-15 15:06:53',NULL,1),(305,'FELIPO, ARTUR DE','2009-05-15 15:06:53',NULL,1),(306,'SÍCARE, VALÉRIA NASCIMENTO','2009-05-15 15:06:53',NULL,1),(307,'ALONSO, ISMAEL','2009-05-15 15:06:53',NULL,1),(308,'MACHADO, ELIANE CORREIA','2009-05-15 15:06:53',NULL,1),(309,'MAGALHÃES, RICARDO','2009-05-15 15:06:53',NULL,1),(310,'COELHO, PAULO','2009-05-15 15:06:53',NULL,1),(311,'OLIVEIRA, IVO','2009-05-15 15:06:54',NULL,1),(312,'SALLES, ADENILSON S.','2009-05-15 15:06:54',NULL,1),(313,'BRADLEY, MARION ZIMMER','2009-05-15 15:06:54',NULL,1),(314,'SOUZA, JUVENIR BORBES DE ','2009-05-15 15:06:54',NULL,1),(315,'GODOY, ADALBERTO','2009-05-15 15:06:54',NULL,1),(316,'BIAGGIO, ISMAEL','2009-05-15 15:06:54',NULL,1),(317,'KIRKWOOD, ANNE','2009-05-15 15:06:54',NULL,1),(318,'TEIXEIRA, L. ELZITA','2009-05-15 15:06:55',NULL,1),(319,'BREVE, RUCEMARA','2009-05-15 15:06:55',NULL,1),(320,'SENA, CRISTINA','2009-05-15 15:06:55',NULL,1),(321,'MAIER, MARCEL SOUTO','2009-05-15 15:06:55',NULL,1),(322,'MARTINS, MARCIA F.','2009-05-15 15:06:55',NULL,1),(323,'INNOCENCIO, ADRIANA','2009-05-15 15:06:55',NULL,1),(324,'MAMEDE, NEIO LUCIO','2009-05-15 15:06:55',NULL,1),(325,'JORGE, ALCIRRA FERREIRA','2009-05-15 15:06:55',NULL,1),(326,'ANDREIA, JORGE','2009-05-15 15:06:55',NULL,1),(327,'ROCHA, IRIS, PAULA','2009-05-15 15:06:55',NULL,1),(328,'SOUZA, CEZAR CARNEIRO','2009-05-15 15:06:55',NULL,1),(329,'TOZZI, SÔNIA','2009-05-15 15:06:56',NULL,1),(330,'FERAUDY, ROGER','2009-05-15 15:06:56',NULL,1),(331,'COELHO, ELIANA MACHADO','2009-05-15 15:06:56',NULL,1),(332,'WETZSTEIN, MAUREN R. M.','2009-05-15 15:06:56',NULL,1),(333,'SALVADOR, MARIA','2009-05-15 15:06:56',NULL,1),(334,'LELOUP, JEAN YVES','2009-05-15 15:06:56',NULL,1),(335,'DOUTRINA ROTEIRO P/ ESTUDO','2009-05-15 15:06:56',NULL,1),(336,'SCHMITT, CARLOS AFONSO','2009-05-15 15:06:57',NULL,1),(337,'PALACIOS, ISIDRO JUAN','2009-05-15 15:06:57',NULL,1),(338,'BOECHAT, NEUTON','2009-05-15 15:06:57',NULL,1),(339,'HOLZMANN, RUY','2009-05-15 15:06:57',NULL,1),(340,'TAVARES, CLOVES','2009-05-15 15:06:57',NULL,1),(341,'RAMPA, T. LOBSANGUI','2009-05-15 15:06:57',NULL,1),(342,'ALVES, CANUTO','2009-05-15 15:06:58',NULL,1),(343,'FOLKER, RITA','2009-05-15 15:06:58',NULL,1),(344,'DUTRA, IVAN','2009-05-15 15:06:58',NULL,1),(345,'CRISTINA, ANA V.','2009-05-15 15:06:58',NULL,1),(346,'CARNEIRO, EDISON','2009-05-15 15:06:58',NULL,1),(347,'GODINHO, J. S.','2009-05-15 15:06:58',NULL,1),(348,'CANTALCEMESSA, RANIERO','2009-05-15 15:06:58',NULL,1),(349,'GARCIA, J. B.','2009-05-15 15:06:58',NULL,1),(350,'MENEZES, JOSÉ MILTON','2009-05-15 15:06:59',NULL,1),(351,'JORGE, JOSÉ','2009-05-15 15:06:59',NULL,1),(352,'CURY, AUGUSTO JORGE','2009-05-15 15:06:59',NULL,1),(353,'SHIMITT, CARLOS AFONSO','2009-05-15 15:06:59',NULL,1),(354,'FOELKER, RITA','2009-05-15 15:06:59',NULL,1),(355,'STAREPRAVO, BRASILIO','2009-05-15 15:06:59',NULL,1),(356,'M. B. TAMISSA','2009-05-15 15:06:59',NULL,1),(357,'ANJOS, ROSE','2009-05-15 15:07:00',NULL,1),(358,'MIRA, MANOEL PHILOMENO DE','2009-05-15 15:07:00',NULL,1),(359,'PALHANO, JR','2009-05-15 15:07:00',NULL,1),(360,'COSTA, VITOR RONALDO','2009-05-15 15:07:00',NULL,1),(361,'\"ESCRITO POR ELE MESMO\"','2009-05-15 15:07:01',NULL,1),(362,'TELES, ARISTON S.','2009-05-15 15:07:01',NULL,1),(363,'DANTAS, R. O. ','2009-05-15 15:07:01',NULL,1),(364,'GURGEL, DEÍFILO','2009-05-15 15:07:01',NULL,1),(365,'ACQUARONE, FRANCISCO','2009-05-15 15:07:01',NULL,1),(366,'LIGUORI, MARIA MARGARIDA','2009-05-15 15:07:01',NULL,1),(367,'BERNI, DUÍLIO LENA','2009-05-15 15:07:01',NULL,1),(368,'NOVELINO, CORINA','2009-05-15 15:07:01',NULL,1),(369,'MIRANDA, MANOEL PHILOMENO DE','2009-05-15 15:07:01',NULL,1),(370,'VALENTE, AURÉLIO A. ','2009-05-15 15:07:01',NULL,1),(371,'NUNES, AMÉRICO DOMIGOS FILHO','2009-05-15 15:07:02',NULL,1),(372,'COSTA, RORAIMA ALVES DA','2009-05-15 15:07:02',NULL,1),(373,'GODOY, PAULO ALVES','2009-05-15 15:07:02',NULL,1),(374,'SACRAMONI, HERMINDA PARPINELLI','2009-05-15 15:07:02',NULL,1),(375,'REMEN, RACHEL NAOMI','2009-05-15 15:07:02',NULL,1),(376,'CENTRO ESPIRITA LUZ ETERNA','2009-05-15 15:07:02',NULL,1),(377,'ACADEMIA INTERNACIONAL DE LETRAS','2009-05-15 15:07:02',NULL,1),(378,'NETTO, JOSÉ TRINGUEIRINHO','2009-05-15 15:07:03',NULL,1),(379,'FERREIRA, ELSA CANDIDA','2009-05-15 15:07:03',NULL,1),(380,'TALES, ARISTON S.','2009-05-15 15:07:03',NULL,1),(381,'COLETANEA (AUTORAS DIVERSOS )','2009-05-15 15:07:03',NULL,1),(382,'CARDOZO, JOSÉ SOARES','2009-05-15 15:07:03',NULL,1),(383,'GREEN, JEFF','2009-05-15 15:07:04',NULL,1),(384,'ROCHA, JULIETA','2009-05-15 15:07:04',NULL,1),(385,'MATTOS, O','2009-05-15 15:07:04',NULL,1),(386,'ROCHA, ISNARD','2009-05-15 15:07:04',NULL,1),(387,'PASTORINE, C. TORRES','2009-05-15 15:07:04',NULL,1),(388,'ALBERTO, JOSÉ','2009-05-15 15:07:04',NULL,1),(389,'MARSHALL CATHERINE','2009-05-15 15:07:04',NULL,1),(390,'KAZANTZAKIS, NILSON','2009-05-15 15:07:04',NULL,1),(391,'ALDROVANDI, ELAINE O. C.','2009-05-15 15:07:04',NULL,1),(392,'ALBOM, MITCH','2009-05-15 15:07:04',NULL,1),(393,'SANDRA CARNEIRO','2009-05-15 15:07:05',NULL,1),(394,'ALAYDE DE ASSUNCAO E SILVA','2009-05-15 15:07:05',NULL,1),(395,'OLIVEIRA, THEREZINHA','2009-05-15 15:07:05',NULL,1),(396,'FUSCO, JOSE PAULO ALVES','2009-05-15 15:07:05',NULL,1);
/*!40000 ALTER TABLE `autor` ENABLE KEYS */;
UNLOCK TABLES;

--
-- Table structure for table `editora`
--

DROP TABLE IF EXISTS `editora`;
SET @saved_cs_client     = @@character_set_client;
SET character_set_client = utf8;
CREATE TABLE `editora` (
  `id_editora` int(11) NOT NULL auto_increment,
  `nome` varchar(100) NOT NULL,
  `data_cadastro` timestamp NOT NULL default CURRENT_TIMESTAMP on update CURRENT_TIMESTAMP,
  `data_baixa` timestamp NULL default NULL,
  `situacao` tinyint(1) NOT NULL default '1',
  PRIMARY KEY  (`id_editora`)
) ENGINE=InnoDB AUTO_INCREMENT=252 DEFAULT CHARSET=latin1;
SET character_set_client = @saved_cs_client;

--
-- Dumping data for table `editora`
--

LOCK TABLES `editora` WRITE;
/*!40000 ALTER TABLE `editora` DISABLE KEYS */;
INSERT INTO `editora` VALUES (1,'FEB','2009-05-15 15:06:08',NULL,1),(2,'FED ESP BRASILEIRA','2009-05-15 15:06:08',NULL,1),(3,'LIV. ESP. ALVORADA','2009-05-15 15:06:08',NULL,1),(4,'EDICEL','2009-05-15 15:06:08',NULL,1),(5,'PETIT','2009-05-15 15:06:08',NULL,1),(6,'C.E. CRISTÃ','2009-05-15 15:06:08',NULL,1),(7,'CULT ESPIRITA','2009-05-15 15:06:09',NULL,1),(8,'DOLAR','2009-05-15 15:06:09',NULL,1),(9,'O CLARIM','2009-05-15 15:06:09',NULL,1),(10,'ECO','2009-05-15 15:06:09',NULL,1),(11,'ESPAÇO','2009-05-15 15:06:09',NULL,1),(12,'INST. DIF. ESP','2009-05-15 15:06:10',NULL,1),(13,'CLARIM','2009-05-15 15:06:10',NULL,1),(14,'HDC','2009-05-15 15:06:10',NULL,1),(15,'RECORD','2009-05-15 15:06:10',NULL,1),(16,'FED ESP BRAS','2009-05-15 15:06:10',NULL,1),(17,'ED. DIVERSAS','2009-05-15 15:06:10',NULL,1),(18,'C. DO BEM','2009-05-15 15:06:11',NULL,1),(19,'LUMEN','2009-05-15 15:06:11',NULL,1),(20,'RIO BONITO','2009-05-15 15:06:11',NULL,1),(21,'C.E.','2009-05-15 15:06:11',NULL,1),(22,'GRÁFICA','2009-05-15 15:06:11',NULL,1),(23,'INST. DIF. ESPIRITA','2009-05-15 15:06:11',NULL,1),(24,'CEC','2009-05-15 15:06:11',NULL,1),(25,'IDE','2009-05-15 15:06:11',NULL,1),(26,'ÁGUA VIVA','2009-05-15 15:06:12',NULL,1),(27,'FTD','2009-05-15 15:06:12',NULL,1),(28,'NÓRDICA','2009-05-15 15:06:12',NULL,1),(29,'CULTURA','2009-05-15 15:06:12',NULL,1),(30,'SCIPONE','2009-05-15 15:06:12',NULL,1),(31,'','2009-05-15 15:06:12',NULL,1),(32,'CAMINHO DA REDENÇÃO','2009-05-15 15:06:13',NULL,1),(33,'ALVORADA','2009-05-15 15:06:13',NULL,1),(34,'M. DA FÉ','2009-05-15 15:06:13',NULL,1),(35,'LAKE','2009-05-15 15:06:13',NULL,1),(36,'S.B.DO CAMPO','2009-05-15 15:06:13',NULL,1),(37,'DIF. ESPIRITA','2009-05-15 15:06:14',NULL,1),(38,'CALVÁRIO','2009-05-15 15:06:14',NULL,1),(39,'REF. EDITORA','2009-05-15 15:06:14',NULL,1),(40,'GEEM','2009-05-15 15:06:14',NULL,1),(41,'ED. ANDRE LUIZ','2009-05-15 15:06:14',NULL,1),(42,'LENICO','2009-05-15 15:06:15',NULL,1),(43,'PROGRESSO','2009-05-15 15:06:15',NULL,1),(44,'LAR ABC','2009-05-15 15:06:15',NULL,1),(45,'S.B. DO CAMPOS','2009-05-15 15:06:15',NULL,1),(46,'FREITAS BASTOS','2009-05-15 15:06:16',NULL,1),(47,'TATUI','2009-05-15 15:06:16',NULL,1),(48,'A.B.C.','2009-05-15 15:06:16',NULL,1),(49,'UEM','2009-05-15 15:06:16',NULL,1),(50,'CAPEMI','2009-05-15 15:06:16',NULL,1),(51,'CELD.','2009-05-15 15:06:17',NULL,1),(52,'SÃO JOÃO','2009-05-15 15:06:17',NULL,1),(53,'C.E. CRISTÃO','2009-05-15 15:06:17',NULL,1),(54,'ID','2009-05-15 15:06:17',NULL,1),(55,'E.C.E','2009-05-15 15:06:17',NULL,1),(56,'ED. S/A','2009-05-15 15:06:17',NULL,1),(57,'CELD','2009-05-15 15:06:18',NULL,1),(58,'ANDRE LUIZ','2009-05-15 15:06:18',NULL,1),(59,'FRATER','2009-05-15 15:06:19',NULL,1),(60,'F. EDITORA','2009-05-15 15:06:19',NULL,1),(61,'PAULINAS','2009-05-15 15:06:19',NULL,1),(62,'EDITORA','2009-05-15 15:06:20',NULL,1),(63,'BORSAI','2009-05-15 15:06:20',NULL,1),(64,'IPIRANGA','2009-05-15 15:06:20',NULL,1),(65,'MANSÃO DO CAMINHO','2009-05-15 15:06:20',NULL,1),(66,'EDIGRÁFICA','2009-05-15 15:06:20',NULL,1),(67,'GRÁFICA IPIRANGA','2009-05-15 15:06:20',NULL,1),(68,'LIVREIRO LTDA','2009-05-15 15:06:20',NULL,1),(69,'LUMEM','2009-05-15 15:06:20',NULL,1),(70,'PENSAMENTO','2009-05-15 15:06:21',NULL,1),(71,'ABC','2009-05-15 15:06:21',NULL,1),(72,'SARAIVA','2009-05-15 15:06:21',NULL,1),(73,'FEA','2009-05-15 15:06:21',NULL,1),(74,'CORREIO DA SEMANA','2009-05-15 15:06:21',NULL,1),(75,'G. E. LTDA','2009-05-15 15:06:21',NULL,1),(76,'CRÍSTICA','2009-05-15 15:06:22',NULL,1),(77,'ED DISTRIBUIDORA','2009-05-15 15:06:22',NULL,1),(78,'TECNOPRINT','2009-05-15 15:06:22',NULL,1),(79,'EGRT','2009-05-15 15:06:23',NULL,1),(80,'ALIANÇA','2009-05-15 15:06:23',NULL,1),(81,'GRAF. FASSOLILO','2009-05-15 15:06:23',NULL,1),(82,'CARIOCA','2009-05-15 15:06:23',NULL,1),(83,'DIF. CULTURA','2009-05-15 15:06:23',NULL,1),(84,'VERBO','2009-05-15 15:06:23',NULL,1),(85,'CAPD','2009-05-15 15:06:23',NULL,1),(86,'NOVA AÇÃO','2009-05-15 15:06:24',NULL,1),(87,'EFSJ','2009-05-15 15:06:24',NULL,1),(88,'PARMA','2009-05-15 15:06:24',NULL,1),(89,'IBRAS','2009-05-15 15:06:24',NULL,1),(90,'NOVA ERA','2009-05-15 15:06:24',NULL,1),(91,'EDICEL. ED','2009-05-15 15:06:24',NULL,1),(92,'CENTRO REDENTOR','2009-05-15 15:06:24',NULL,1),(93,'LISGRÁFICA','2009-05-15 15:06:25',NULL,1),(94,'IDEAL','2009-05-15 15:06:25',NULL,1),(95,'IPÊS','2009-05-15 15:06:25',NULL,1),(96,'SALAMANDRA','2009-05-15 15:06:26',NULL,1),(97,'NOVA LETRA','2009-05-15 15:06:26',NULL,1),(98,'INST. MARIA','2009-05-15 15:06:26',NULL,1),(99,'DAG GRAFICA','2009-05-15 15:06:27',NULL,1),(100,'DAGO','2009-05-15 15:06:27',NULL,1),(101,'LUZ NO LAR','2009-05-15 15:06:28',NULL,1),(102,'LUZ DO LAR','2009-05-15 15:06:28',NULL,1),(103,'CEAC','2009-05-15 15:06:29',NULL,1),(104,'CLUBE DO LIVRO','2009-05-15 15:06:29',NULL,1),(105,'ESPIRITA CINTA','2009-05-15 15:06:30',NULL,1),(106,'FEESP','2009-05-15 15:06:30',NULL,1),(107,'IM','2009-05-15 15:06:30',NULL,1),(108,'DO LAR','2009-05-15 15:06:30',NULL,1),(109,'EMC','2009-05-15 15:06:30',NULL,1),(110,'E.M.E','2009-05-15 15:06:31',NULL,1),(111,'DAG','2009-05-15 15:06:31',NULL,1),(112,'RADHN','2009-05-15 15:06:31',NULL,1),(113,'VITORIA','2009-05-15 15:06:31',NULL,1),(114,'FBE','2009-05-15 15:06:32',NULL,1),(115,'GRAF. EDITORA','2009-05-15 15:06:32',NULL,1),(116,'ROSA CRUZ','2009-05-15 15:06:32',NULL,1),(117,'RECANTO','2009-05-15 15:06:32',NULL,1),(118,'F.T.D. S/A','2009-05-15 15:06:32',NULL,1),(119,'JORNAL IMORTAL','2009-05-15 15:06:33',NULL,1),(120,'CAMINHOS DO BEM','2009-05-15 15:06:33',NULL,1),(121,'SERENA LTDA','2009-05-15 15:06:33',NULL,1),(122,'FEESP.','2009-05-15 15:06:33',NULL,1),(123,'I.M.','2009-05-15 15:06:33',NULL,1),(124,'F.L.H.','2009-05-15 15:06:34',NULL,1),(125,'LACHÂTRE','2009-05-15 15:06:34',NULL,1),(126,'EME','2009-05-15 15:06:34',NULL,1),(127,'E/ VITORIA','2009-05-15 15:06:34',NULL,1),(128,'UNIVERSALISTA','2009-05-15 15:06:35',NULL,1),(129,'CASA PÚBL BRAS','2009-05-15 15:06:35',NULL,1),(130,'EDP','2009-05-15 15:06:35',NULL,1),(131,'BOOT IRUST','2009-05-15 15:06:35',NULL,1),(132,'V. ROTH','2009-05-15 15:06:35',NULL,1),(133,'CIRCULO DO LIVRO','2009-05-15 15:06:35',NULL,1),(134,'LINHA GRAF. EDIT','2009-05-15 15:06:36',NULL,1),(135,'BOA NOVA','2009-05-15 15:06:36',NULL,1),(136,'I.D.E.','2009-05-15 15:06:36',NULL,1),(137,'SUMMOS EDITORIAL','2009-05-15 15:06:37',NULL,1),(138,'POSIGRAF','2009-05-15 15:06:37',NULL,1),(139,'E.C.F.VIVA','2009-05-15 15:06:37',NULL,1),(140,'GTI ','2009-05-15 15:06:37',NULL,1),(141,'OBJETIVA','2009-05-15 15:06:37',NULL,1),(142,'EDE','2009-05-15 15:06:37',NULL,1),(143,'CEU','2009-05-15 15:06:37',NULL,1),(144,'LIRIOS','2009-05-15 15:06:38',NULL,1),(145,'DIDIER','2009-05-15 15:06:38',NULL,1),(146,'LEAL','2009-05-15 15:06:38',NULL,1),(147,'MINAS','2009-05-15 15:06:38',NULL,1),(148,'LDE','2009-05-15 15:06:38',NULL,1),(149,'ELEVAÇÃO','2009-05-15 15:06:39',NULL,1),(150,'E.M.C.','2009-05-15 15:06:39',NULL,1),(151,'PROL','2009-05-15 15:06:39',NULL,1),(152,'LAR','2009-05-15 15:06:39',NULL,1),(153,'RUMD','2009-05-15 15:06:39',NULL,1),(154,'TULIO','2009-05-15 15:06:40',NULL,1),(155,'ODIER','2009-05-15 15:06:40',NULL,1),(156,'LETRAS E TEXTOS','2009-05-15 15:06:40',NULL,1),(157,'FESP','2009-05-15 15:06:40',NULL,1),(158,'MADRAS','2009-05-15 15:06:40',NULL,1),(159,'SOCIEDADE ESP LORENZ','2009-05-15 15:06:41',NULL,1),(160,'NOVA ALVORADA','2009-05-15 15:06:41',NULL,1),(161,'U.E.M.','2009-05-15 15:06:41',NULL,1),(162,'MNENRIO TULIO','2009-05-15 15:06:41',NULL,1),(163,'FONTE VIVA','2009-05-15 15:06:42',NULL,1),(164,'CULTIX','2009-05-15 15:06:42',NULL,1),(165,'MENINO JULIO','2009-05-15 15:06:42',NULL,1),(166,'SBEE','2009-05-15 15:06:42',NULL,1),(167,'ÀRVORE DA VIDA','2009-05-15 15:06:43',NULL,1),(168,'FED ESP SP','2009-05-15 15:06:43',NULL,1),(169,'LER','2009-05-15 15:06:43',NULL,1),(170,'MARTIN CLARET','2009-05-15 15:06:43',NULL,1),(171,'CULTRIX','2009-05-15 15:06:43',NULL,1),(172,'C.D.E.','2009-05-15 15:06:43',NULL,1),(173,'C.E.A.C','2009-05-15 15:06:44',NULL,1),(174,'NOVA LUZ','2009-05-15 15:06:44',NULL,1),(175,'CORREIO FRATERNO','2009-05-15 15:06:44',NULL,1),(176,'BERT SELLER','2009-05-15 15:06:44',NULL,1),(177,'CIVILIZAÇÃO BRAS','2009-05-15 15:06:44',NULL,1),(178,'SONIA MARIA','2009-05-15 15:06:44',NULL,1),(179,'VIDA E CONCIENC','2009-05-15 15:06:44',NULL,1),(180,'JOÃO SCORTECCI','2009-05-15 15:06:45',NULL,1),(181,'ROCCO','2009-05-15 15:06:45',NULL,1),(182,'DIST. RECORD','2009-05-15 15:06:45',NULL,1),(183,'ARTES GRAF PIRATININGA','2009-05-15 15:06:45',NULL,1),(184,'LEOPOLDO','2009-05-15 15:06:45',NULL,1),(185,'DE MINAS','2009-05-15 15:06:45',NULL,1),(186,'EDIÇÕES FCP - FRANCA','2009-05-15 15:06:45',NULL,1),(187,'FAROL DAS 3 FRONTEIRAS','2009-05-15 15:06:45',NULL,1),(188,'QUINTETO EDIT','2009-05-15 15:06:46',NULL,1),(189,'LUMEN EDITORIAL','2009-05-15 15:06:46',NULL,1),(190,'MODERNA','2009-05-15 15:06:47',NULL,1),(191,'LÍRIO','2009-05-15 15:06:47',NULL,1),(192,'FUND. LAR HARMON','2009-05-15 15:06:47',NULL,1),(193,'JB','2009-05-15 15:06:48',NULL,1),(194,'REMA','2009-05-15 15:06:48',NULL,1),(195,'FÉ EDIT','2009-05-15 15:06:48',NULL,1),(196,'PANORAMA','2009-05-15 15:06:49',NULL,1),(197,'CONHECIMENTO','2009-05-15 15:06:49',NULL,1),(198,'CULTURA ESP','2009-05-15 15:06:49',NULL,1),(199,'ALLAN KARDEC','2009-05-15 15:06:49',NULL,1),(200,'DPL','2009-05-15 15:06:49',NULL,1),(201,'ARTE CULTURA','2009-05-15 15:06:50',NULL,1),(202,'BATUIRA','2009-05-15 15:06:50',NULL,1),(203,'POLIDITORA','2009-05-15 15:06:50',NULL,1),(204,'IMPRENSA DO PÉ','2009-05-15 15:06:50',NULL,1),(205,'EDITORA SERAICA','2009-05-15 15:06:51',NULL,1),(206,'VIVA LUZ EDITORA','2009-05-15 15:06:51',NULL,1),(207,'GRAFICA LIDER','2009-05-15 15:06:51',NULL,1),(208,'EDITORA GRAFICA','2009-05-15 15:06:51',NULL,1),(209,'EDITORA PANORAMA','2009-05-15 15:06:51',NULL,1),(210,'EDITORA LEAL','2009-05-15 15:06:52',NULL,1),(211,'EDITORA IRNEMIO','2009-05-15 15:06:52',NULL,1),(212,'GRAF. STARD EDITORA','2009-05-15 15:06:53',NULL,1),(213,'FLH','2009-05-15 15:06:53',NULL,1),(214,'IMAGO','2009-05-15 15:06:54',NULL,1),(215,'COPILAÇÃO','2009-05-15 15:06:54',NULL,1),(216,'ID EDITORA','2009-05-15 15:06:54',NULL,1),(217,'PRINTER','2009-05-15 15:06:56',NULL,1),(218,'HECHK','2009-05-15 15:06:58',NULL,1),(219,'IS','2009-05-15 15:06:58',NULL,1),(220,'LIS','2009-05-15 15:06:58',NULL,1),(221,'LOYOLA','2009-05-15 15:06:58',NULL,1),(222,'MNÊMIO TÚLIO','2009-05-15 15:06:58',NULL,1),(223,'LEYMARIE','2009-05-15 15:06:59',NULL,1),(224,'CONTO/CRONICA','2009-05-15 15:06:59',NULL,1),(225,'BARTIRA','2009-05-15 15:06:59',NULL,1),(226,'METRÓPOLES','2009-05-15 15:07:00',NULL,1),(227,'GRAF. SANTA MARIA','2009-05-15 15:07:00',NULL,1),(228,'AUTO GRAFICA','2009-05-15 15:07:00',NULL,1),(229,'RADHU','2009-05-15 15:07:01',NULL,1),(230,'RN ECONOMICO','2009-05-15 15:07:01',NULL,1),(231,'ESCALA','2009-05-15 15:07:01',NULL,1),(232,'SAMARITANOS DE MARIA','2009-05-15 15:07:02',NULL,1),(233,'C. B. DO LIVRO','2009-05-15 15:07:02',NULL,1),(234,'E.V.C.','2009-05-15 15:07:02',NULL,1),(235,'SANTA RITA EDITORA','2009-05-15 15:07:02',NULL,1),(236,'BUTTERFLY','2009-05-15 15:07:02',NULL,1),(237,'CELE','2009-05-15 15:07:02',NULL,1),(238,'AIL','2009-05-15 15:07:02',NULL,1),(239,'LIVREE','2009-05-15 15:07:03',NULL,1),(240,'TEMPO NOVOS','2009-05-15 15:07:03',NULL,1),(241,'SPIGE','2009-05-15 15:07:04',NULL,1),(242,'EDIÇÕES CELD','2009-05-15 15:07:04',NULL,1),(243,'CIS','2009-05-15 15:07:04',NULL,1),(244,'ÉBANO','2009-05-15 15:07:04',NULL,1),(245,'VOZES','2009-05-15 15:07:04',NULL,1),(246,'BETÂNIA','2009-05-15 15:07:04',NULL,1),(247,'CÍRCULO','2009-05-15 15:07:04',NULL,1),(248,'SEXTANTE','2009-05-15 15:07:04',NULL,1),(249,'VIVALUZ','2009-05-15 15:07:05',NULL,1),(250,'QUICK PRINTER','2009-05-15 15:07:05',NULL,1),(251,'ALAN KARDEC','2009-05-15 15:07:05',NULL,1);
/*!40000 ALTER TABLE `editora` ENABLE KEYS */;
UNLOCK TABLES;

--
-- Table structure for table `locacao`
--

DROP TABLE IF EXISTS `locacao`;
SET @saved_cs_client     = @@character_set_client;
SET character_set_client = utf8;
CREATE TABLE `locacao` (
  `id_locacao` int(11) NOT NULL auto_increment,
  `id_usuario` int(11) NOT NULL,
  `id_administrador` int(11) NOT NULL default '0',
  `data_locacao` date NOT NULL default '0000-00-00',
  `data_devolucao` date NOT NULL default '0000-00-00',
  `data_devolvido` date default NULL,
  `status` varchar(15) NOT NULL default '',
  `data_cadastro` timestamp NOT NULL default CURRENT_TIMESTAMP,
  `data_baixa` timestamp NULL default NULL,
  `situacao` tinyint(1) NOT NULL default '1',
  PRIMARY KEY  (`id_locacao`),
  KEY `id_administrador` (`id_administrador`),
  KEY `id_usuario` (`id_usuario`),
  CONSTRAINT `locacao_ibfk_1` FOREIGN KEY (`id_administrador`) REFERENCES `administrador` (`id_administrador`),
  CONSTRAINT `locacao_ibfk_2` FOREIGN KEY (`id_usuario`) REFERENCES `usuario` (`id_usuario`)
) ENGINE=InnoDB DEFAULT CHARSET=latin1;
SET character_set_client = @saved_cs_client;

--
-- Dumping data for table `locacao`
--

LOCK TABLES `locacao` WRITE;
/*!40000 ALTER TABLE `locacao` DISABLE KEYS */;
/*!40000 ALTER TABLE `locacao` ENABLE KEYS */;
UNLOCK TABLES;

--
-- Table structure for table `tipo_acervo`
--

DROP TABLE IF EXISTS `tipo_acervo`;
SET @saved_cs_client     = @@character_set_client;
SET character_set_client = utf8;
CREATE TABLE `tipo_acervo` (
  `id_tipo_acervo` int(11) NOT NULL auto_increment,
  `nome` varchar(100) NOT NULL default '',
  `data_cadastro` timestamp NOT NULL default CURRENT_TIMESTAMP on update CURRENT_TIMESTAMP,
  `data_baixa` timestamp NULL default NULL,
  `situacao` tinyint(1) NOT NULL default '1',
  PRIMARY KEY  (`id_tipo_acervo`)
) ENGINE=InnoDB AUTO_INCREMENT=59 DEFAULT CHARSET=latin1;
SET character_set_client = @saved_cs_client;

--
-- Dumping data for table `tipo_acervo`
--

LOCK TABLES `tipo_acervo` WRITE;
/*!40000 ALTER TABLE `tipo_acervo` DISABLE KEYS */;
INSERT INTO `tipo_acervo` VALUES (1,'ROMANCE','2009-06-01 21:33:07',NULL,1),(2,'EVANGÉLICO','2009-06-01 21:33:32',NULL,1),(3,'CIENTÍFICO','2009-06-01 21:33:21',NULL,1),(4,'DOUTRINÁRIO','2009-06-01 21:00:36',NULL,0),(5,'POEMA/POESIA/TROVA','2009-06-01 21:33:11',NULL,1),(6,'DISSERTAÇÃO','2009-06-01 21:33:17',NULL,1),(7,'POESIAS E TROVAS','2009-06-01 21:06:59',NULL,0),(8,'INFANTIL','2009-06-01 21:33:34',NULL,1),(9,'CONTO/CRÔNICA','2009-06-01 21:33:16',NULL,1),(10,'VIDA NO ALÉM','2009-06-01 21:33:04',NULL,1),(11,'BIOGRAFIA ENTR','2009-06-01 20:57:17',NULL,0),(12,'BIOG. E ENTREVISTAS','2009-06-01 21:09:49',NULL,0),(13,'B. E ENTREV','2009-06-01 21:09:39',NULL,0),(14,'BIOGRAFIA E ENTREVISTA','2009-06-01 20:57:31',NULL,0),(15,'MENSAGEM FAMILIAR','2009-06-01 21:33:29',NULL,1),(16,'MEDITAÇÕES','2009-06-01 21:33:27',NULL,1),(17,'FILOSÓFICO','2009-06-01 21:33:37',NULL,1),(18,'MEDIUNIDADE','2009-06-01 21:33:31',NULL,1),(19,'FILOSOFIA','2009-06-01 21:11:43',NULL,0),(20,'SEM CLASSIFICAÇÃO','2009-06-01 21:33:10',NULL,1),(21,'ESPIRITA','2009-06-01 21:14:23',NULL,0),(22,'ENTREVISTA E BIOGRAFIA','2009-06-01 20:57:35',NULL,0),(23,'ESPIRITUALISTA','2009-06-01 21:33:33',NULL,1),(24,'ESPIRITUALIDADE','2009-06-01 21:14:11',NULL,0),(25,'ESPERANTO','2009-06-01 21:33:26',NULL,1),(26,'ESPÍRITOS DIVERSOS','2009-06-01 21:14:18',NULL,0),(27,'BIOG E ENTREV','2009-06-01 21:09:47',NULL,0),(28,'BIOG DISSERTAÇÃO','2009-06-01 21:09:47',NULL,0),(29,'TROVAS','2009-06-01 21:07:04',NULL,0),(30,'DOUTRINA','2009-06-01 21:00:27',NULL,0),(31,'POEMA E TROVA','2009-06-01 21:17:08',NULL,0),(32,'AUTO AJUDA','2009-06-01 21:33:19',NULL,1),(33,'VIDA ALÉM','2009-06-01 21:32:41',NULL,0),(34,'BIOGRAFIA','2009-06-01 21:33:25',NULL,1),(35,'ABC DO ESPIRITISMO','2009-06-01 21:33:19',NULL,1),(36,'CONTOS E TROVAS','2009-06-01 21:31:38',NULL,0),(37,'CONTOS','2009-06-01 21:33:15',NULL,1),(38,'INFANTO-JUVENIL','2009-06-01 21:33:28',NULL,1),(39,'JUVENIL - INFANTIL - CONTOS','2009-06-01 21:32:11',NULL,0),(40,'CONTO E CRONICA','2009-06-01 21:31:12',NULL,0),(41,'POESIA','2009-06-01 21:33:13',NULL,1),(42,'MENSAGENS','2009-06-01 21:30:10',NULL,0),(43,'POESIAS','2009-06-01 21:17:37',NULL,0),(44,'CRÔNICAS','2009-06-01 21:33:18',NULL,1),(45,'POEMA','2009-06-01 21:19:01',NULL,0),(46,'VIDA E CONCIENCIA','2009-06-01 21:29:17','2009-06-01 21:29:17',0),(47,'ESPIRITISMO','2009-06-01 21:14:28',NULL,0),(48,'OTIMISMO','2009-06-01 21:28:29','2009-06-01 21:28:29',0),(49,'TEMAS E COMENTÁRIOS','2009-06-01 21:26:47','2009-06-01 21:26:47',0),(50,'MEDIUNICO','2009-06-01 21:23:58',NULL,0),(51,'MENSAGENS PSICOGRAFADAS','2009-06-01 21:33:14',NULL,1),(52,'CONTOS/CRONICAS','2009-05-18 14:46:19','2009-05-18 14:46:19',0),(53,'PROSA','2009-06-01 21:33:08',NULL,1),(54,'MORRETE','2009-05-18 14:40:30','2009-05-18 14:40:30',0),(55,'NÃO ESPIRITA','2009-06-01 21:33:06',NULL,1),(56,'DINOSSAURO','2009-05-18 14:38:44','2009-05-18 14:38:44',0),(57,'CONTOS INFANTIL','2009-06-01 21:21:50',NULL,0),(58,'CRONICAS E POEMAS','2009-06-01 21:20:20',NULL,0);
/*!40000 ALTER TABLE `tipo_acervo` ENABLE KEYS */;
UNLOCK TABLES;

--
-- Table structure for table `usuario`
--

DROP TABLE IF EXISTS `usuario`;
SET @saved_cs_client     = @@character_set_client;
SET character_set_client = utf8;
CREATE TABLE `usuario` (
  `id_usuario` int(11) NOT NULL auto_increment,
  `nome` varchar(100) NOT NULL default '',
  `telefone` varchar(30) NOT NULL default '',
  `data_cadastro` timestamp NOT NULL default CURRENT_TIMESTAMP,
  `data_baixa` timestamp NULL default NULL,
  `situacao` tinyint(1) NOT NULL default '1',
  PRIMARY KEY  (`id_usuario`)
) ENGINE=InnoDB AUTO_INCREMENT=7 DEFAULT CHARSET=latin1;
SET character_set_client = @saved_cs_client;

--
-- Dumping data for table `usuario`
--

LOCK TABLES `usuario` WRITE;
/*!40000 ALTER TABLE `usuario` DISABLE KEYS */;
INSERT INTO `usuario` VALUES (1,'Pedro da Silva','352326598','2009-05-13 03:06:30',NULL,1),(2,'Márcio Nogueira','664565445','2009-05-13 03:06:30',NULL,1),(3,'TESTE','','2009-05-13 16:22:05','2009-05-13 16:26:33',0),(4,'OPKPOK','','2009-05-13 16:22:43','2009-05-13 16:38:55',0),(5,'IUH','','2009-05-13 16:23:40','2009-05-13 16:26:08',0),(6,'TESTE','29-3843-9273','2009-05-13 16:24:22','2009-05-13 16:26:46',0);
/*!40000 ALTER TABLE `usuario` ENABLE KEYS */;
UNLOCK TABLES;
/*!40103 SET TIME_ZONE=@OLD_TIME_ZONE */;

/*!40101 SET SQL_MODE=@OLD_SQL_MODE */;
/*!40014 SET FOREIGN_KEY_CHECKS=@OLD_FOREIGN_KEY_CHECKS */;
/*!40014 SET UNIQUE_CHECKS=@OLD_UNIQUE_CHECKS */;
/*!40101 SET CHARACTER_SET_CLIENT=@OLD_CHARACTER_SET_CLIENT */;
/*!40101 SET CHARACTER_SET_RESULTS=@OLD_CHARACTER_SET_RESULTS */;
/*!40101 SET COLLATION_CONNECTION=@OLD_COLLATION_CONNECTION */;
/*!40111 SET SQL_NOTES=@OLD_SQL_NOTES */;

-- Dump completed on 2009-06-01 21:48:12
